driver_id,driver_name,vehicle_type,license_plate,join_date,city,status
DRV-00001,Citra Santoso,GoRide,L 5012 DC,2018-12-23,Surabaya,Active
DRV-00002,Andi Hidayat,GoRide,L 1434 DG,2021-02-13,Surabaya,Active
DRV-00003,Xena Putra,GoCar,AB 4527 FB,2019-02-01,Yogyakarta,Active
DRV-00004,Pandu Sugiarto,GoRide,H 9785 BG,2021-04-15,Semarang,Active
DRV-00005,Oki Pratama,GoRide,,2021-03-31,Medan,Inactive
DRV-00006,Usman Kusuma,GoCar,AB 6977 CF,2020-12-29,Yogyakarta,Active
DRV-00007,Citra Rahayu,GoRide,D 7216 ED,2018-08-18,Bandung,Active
DRV-00008,Indah Saputra,GoCar,AB 6155 DH,2023-02-23,Yogyakarta,Active
DRV-00009,Fitri Wijaya,GoCar,H 7543 FD,2019-07-21,Semarang,Active
DRV-00010,Lestari Santoso,GoRide,L 7916 BG,2023-04-02,Surabaya,Active
DRV-00011,Yanti Wibowo,GoCar,L 6573 BE,2023-02-02,Surabaya,Active
DRV-00012,Jaya Santoso,GoRide,D 5889 DC,2019-10-24,Bandung,Active
DRV-00013,Putri Setiawan,GoCar,,2021-06-13,Makassar,Active
DRV-00014,Oscar Halim,GoRide,L 2133 CC,2019-11-08,Surabaya,Active
DRV-00015,Oki Kusuma,GoRide,BK 7537 FH,2023-01-24,Medan,Active
DRV-00016,Citra Rahayu,GoRide,DD 4770 DA,2018-08-30,Makassar,Active
DRV-00017,Gunawan Halim,GoRide,L 8953 DC,2023-04-21,Surabaya,Active
DRV-00018,Surya Pratama,GoRide,BK 8062 FG,2018-08-10,Medan,Active
DRV-00019,Lina Wibowo,GoCar,B 2790 DD,2023-01-12,Jakarta,Active
DRV-00020,Aditya Saputra,GoRide,BG 2235 HB,2018-03-02,Palembang,Inactive
DRV-00021,Reza Saputro,GoCar,D 4502 GA,2018-01-09,Bandung,Inactive
DRV-00022,Krisna Wijaya,GoCar,H 8973 CD,2018-08-28,Semarang,Active
DRV-00023,Eko Putra,GoRide,DD 8811 CA,2018-11-25,Makassar,Inactive
DRV-00024,Reza Nugroho,GoRide,L 5033 AB,2023-11-12,Surabaya,Active
DRV-00025,Pandu Setiawan,GoRide,DD 3144 EH,2018-10-25,Makassar,Active
DRV-00026,Yogi Handoko,GoRide,L 9288 EC,2018-10-09,Surabaya,Inactive
DRV-00027,Indah Wibowo,GoCar,D 5956 AE,2019-03-01,Bandung,Inactive
DRV-00028,Ratna Wibowo,GoRide,L 3546 EE,2021-11-05,Surabaya,Active
DRV-00029,Indah Wibowo,GoCar,BG 1832 BG,2018-06-30,Palembang,Active
DRV-00030,Yogi Setiawan,GoCar,D 8007 AB,2019-09-03,Bandung,Active
DRV-00031,Tari Pratama,GoCar,D 6050 FA,2020-05-10,Bandung,Active
DRV-00032,Budi Hidayat,GoCar,DD 3532 DC,2019-12-27,Makassar,Inactive
DRV-00033,Citra Gunawan,GoCar,DD 5065 EC,2019-03-19,Makassar,Active
DRV-00034,Tari Nugroho,GoRide,BK 8541 FE,2020-07-21,Medan,Active
DRV-00035,Krisna Rahayu,GoCar,AB 2137 EF,2022-06-26,Yogyakarta,Active
DRV-00036,Vika Halim,GoRide,B 5279 CE,2022-11-15,Jakarta,Active
DRV-00037,Krisna Nugroho,GoCar,L 4114 EA,2018-01-07,Surabaya,Active
DRV-00038,Tari Halim,GoCar,DD 6409 FB,2021-05-15,Makassar,Active
DRV-00039,Lina Putra,GoCar,DD 3085 DG,2022-04-02,Makassar,Active
DRV-00040,Dian Nugroho,GoCar,H 1006 EE,2021-08-12,Semarang,Active
DRV-00041,Oki Nugroho,GoRide,BG 5649 FB,2020-08-20,Palembang,Active
DRV-00042,Ratna Setiawan,GoRide,,2018-10-26,Bandung,Active
DRV-00043,Oki Hidayat,GoCar,BK 4997 CA,2019-03-13,Medan,Active
DRV-00044,Oscar Rahayu,GoRide,BG 2988 HC,2023-12-16,Palembang,Inactive
DRV-00045,Aditya Saputra,GoCar,BG 9976 HC,2023-04-29,Palembang,Active
DRV-00046,Vika Kurniawan,GoCar,H 5499 HB,2020-08-18,Semarang,Active
DRV-00047,Fauzi Halim,GoRide,L 7275 CD,2022-07-28,Surabaya,Active
DRV-00048,Zahra Halim,GoRide,B 7381 AG,2021-12-11,Jakarta,Active
DRV-00049,Fauzi Suwandi,GoCar,BK 8140 HA,2022-07-15,Medan,Active
DRV-00050,Reza Permata,GoCar,B 1444 BG,2023-03-07,Jakarta,Active
DRV-00051,Fitri Gunawan,GoRide,DD 6529 GE,2022-09-23,Makassar,Active
DRV-00052,Putri Nugroho,GoRide,B 6733 DB,2018-06-14,Jakarta,Active
DRV-00053,Kartika Putra,GoRide,B 8758 BD,2020-11-15,Jakarta,Active
DRV-00054,Wendi Nugroho,GoRide,L 2771 AE,2022-03-18,Surabaya,Active
DRV-00055,Eko Wahyudi,GoRide,L 5941 BA,2022-10-21,Surabaya,Active
DRV-00056,Cahaya Hidayat,GoRide,DD 9031 BG,2023-02-27,Makassar,Active
DRV-00057,Dian Saputra,GoCar,H 5397 FD,2018-12-21,Semarang,Active
DRV-00058,Wahyu Wibowo,GoCar,BG 9098 FC,2021-12-24,Palembang,Active
DRV-00059,Putri Gunawan,GoRide,H 4130 BD,2023-06-25,Semarang,Active
DRV-00060,Niko Sugiarto,GoCar,BG 2524 ED,2020-09-23,Palembang,Active
DRV-00061,Yanti Nugroho,GoCar,BG 6419 FH,2020-10-26,Palembang,Active
DRV-00062,Aditya Wahyudi,GoRide,DD 4033 DD,2021-02-06,Makassar,Active
DRV-00063,Indah Wibowo,GoRide,H 5853 DF,2018-02-27,Semarang,Active
DRV-00064,Dian Rahayu,GoRide,B 3068 HB,2021-03-10,Jakarta,Active
DRV-00065,Usman Wijaya,GoRide,D 8827 BB,2018-10-31,Bandung,Active
DRV-00066,Pandu Saputra,GoRide,D 5978 BD,2022-09-01,Bandung,Active
DRV-00067,Zulfa Pratama,GoCar,AB 5871 GE,2018-09-04,Yogyakarta,Active
DRV-00068,Bambang Saputro,GoRide,BK 2330 CD,2018-11-04,Medan,Active
DRV-00069,Fauzi Kusuma,GoCar,,2021-03-04,Palembang,Active
DRV-00070,Joko Kusuma,GoCar,BK 4241 GB,2019-09-03,Medan,Inactive
DRV-00071,Sari Wahyudi,GoRide,B 5728 HB,2021-05-30,Jakarta,Active
DRV-00072,Usman Setiawan,GoCar,BG 1653 GF,2018-04-16,Palembang,Active
DRV-00073,Cahaya Gunawan,GoCar,B 3870 HH,2020-01-14,Jakarta,Inactive
DRV-00074,Hadi Handoko,GoCar,L 6460 FB,2021-09-12,Surabaya,Active
DRV-00075,Andi Kurniawan,GoRide,AB 6153 EF,2022-07-14,Yogyakarta,Inactive
DRV-00076,Lestari Suwandi,GoCar,BG 9494 FH,2018-07-31,Palembang,Active
DRV-00077,Ulfa Kurniawan,GoCar,H 8941 BA,2020-09-07,Semarang,Active
DRV-00078,Wendi Handoko,GoCar,B 2858 HB,2019-09-23,Jakarta,Active
DRV-00079,Oscar Wahyudi,GoCar,H 8736 DH,2022-04-21,Semarang,Active
DRV-00080,Niko Setiawan,GoRide,D 7798 FE,2021-03-04,Bandung,Active
DRV-00081,Vika Nugroho,GoRide,BG 8935 FF,2022-03-26,Palembang,Active
DRV-00082,Tari Suwandi,GoCar,BK 7730 AF,2022-04-11,Medan,Active
DRV-00083,Joko Halim,GoRide,BG 6439 BH,2023-02-15,Palembang,Active
DRV-00084,Krisna Permata,GoRide,D 5342 FG,2021-09-07,Bandung,Inactive
DRV-00085,Zulfa Kusuma,GoCar,DD 1588 BD,2021-03-23,Makassar,Inactive
DRV-00086,Dewi Handoko,GoRide,AB 2646 HC,2018-04-29,Yogyakarta,Active
DRV-00087,Zahra Putra,GoCar,DD 5000 GC,2018-11-20,Makassar,Active
DRV-00088,Andi Saputro,GoCar,BK 3344 DH,2023-02-26,Medan,Active
DRV-00089,Made Permata,GoRide,H 6661 EG,2023-02-15,Semarang,Active
DRV-00090,Agus Wibowo,GoRide,BG 6881 EE,,Palembang,Active
DRV-00091,Made Putra,GoRide,B 9138 ED,2021-12-14,Jakarta,Active
DRV-00092,Fitri Handoko,GoRide,H 1645 EH,2022-02-03,Semarang,Active
DRV-00093,Gunawan Handoko,GoCar,DD 3165 FE,2020-11-18,Makassar,Inactive
DRV-00094,Lestari Sugiarto,GoRide,DD 2233 CD,2022-06-16,Makassar,Inactive
DRV-00095,Zulfa Wibowo,GoCar,,2023-02-06,Surabaya,Active
DRV-00096,Oki Kusuma,GoCar,AB 4830 HA,2021-09-05,Yogyakarta,Inactive
DRV-00097,Hendra Pratama,GoCar,BG 2911 CA,2021-05-31,Palembang,Inactive
DRV-00098,Pandu Halim,GoRide,BK 7078 GC,2019-02-10,Medan,Active
DRV-00099,Usman Sugiarto,GoRide,H 4559 HH,2022-01-25,Semarang,Active
DRV-00100,Oscar Santoso,GoRide,DD 4109 BH,2020-05-18,Makassar,Active
DRV-00101,Oki Rahayu,GoCar,B 3063 DB,2020-04-28,Jakarta,Active
DRV-00102,Budi Suwandi,GoRide,D 3370 CE,2019-03-27,Bandung,Active
DRV-00103,Bambang Wahyudi,GoCar,B 4898 FA,2018-08-03,Jakarta,Active
DRV-00104,Tari Wahyudi,GoRide,L 6931 BH,2018-06-27,Surabaya,Active
DRV-00105,Hadi Saputro,GoCar,H 1510 AH,2022-10-13,Semarang,Active
DRV-00106,Oscar Wahyudi,GoRide,L 3430 BC,2021-08-24,Surabaya,Active
DRV-00107,Oki Halim,GoCar,H 8048 BB,2020-05-30,Semarang,Active
DRV-00108,Joko Gunawan,GoCar,DD 2557 FG,2020-11-10,Makassar,Active
DRV-00109,Lestari Wijaya,GoRide,L 2527 GB,2022-03-07,Surabaya,Active
DRV-00110,Irfan Nugroho,GoRide,DD 7929 AE,2021-12-11,Makassar,Active
DRV-00111,Cahaya Kurniawan,GoCar,D 2773 FF,2021-02-15,Bandung,Active
DRV-00112,Xena Santoso,GoCar,,2021-06-19,Jakarta,Inactive
DRV-00113,Jaya Nugroho,GoRide,D 7566 BC,2018-05-06,Bandung,Active
DRV-00114,Joko Hidayat,GoCar,AB 3578 FE,2018-12-14,Yogyakarta,Inactive
DRV-00115,Hendra Sugiarto,GoRide,B 7947 HH,2020-06-01,Jakarta,Active
DRV-00116,Ulfa Nugroho,GoRide,AB 8972 EA,2018-08-13,Yogyakarta,Active
DRV-00117,Krisna Saputra,GoCar,D 2965 AH,2019-12-21,Bandung,Active
DRV-00118,Mulia Halim,GoRide,DD 1693 GA,2018-11-15,Makassar,Inactive
DRV-00119,Yogi Kusuma,GoCar,AB 7636 AF,2023-02-28,Yogyakarta,Active
DRV-00120,Kartika Kusuma,GoRide,AB 7560 BG,2021-10-22,Yogyakarta,Active
DRV-00121,Lina Putra,GoRide,L 6724 FC,2019-08-23,Surabaya,Active
DRV-00122,Ratna Rahayu,GoRide,D 9095 HH,2021-08-16,Bandung,Inactive
DRV-00123,Ulfa Saputro,GoCar,D 8245 EE,2021-12-12,Bandung,Active
DRV-00124,Niko Kurniawan,GoRide,BG 5703 BB,2023-09-08,Palembang,Active
DRV-00125,Wahyu Kusuma,GoCar,B 4084 FH,2018-09-11,Jakarta,Active
DRV-00126,Wahyu Putra,GoRide,D 8172 HC,2021-03-04,Bandung,Active
DRV-00127,Niko Suwandi,GoCar,B 2548 GE,2019-09-08,Jakarta,Active
DRV-00128,Wahyu Suwandi,GoCar,DD 7421 CB,2022-03-23,Makassar,Active
DRV-00129,Hadi Nugroho,GoCar,L 1298 FE,2020-05-27,Surabaya,Active
DRV-00130,Joko Hidayat,GoRide,BK 5846 BA,2019-06-21,Medan,Active
DRV-00131,Pandu Handoko,GoRide,D 1715 GF,2020-08-30,Bandung,Inactive
DRV-00132,Tono Permata,GoRide,BG 6070 HD,2022-12-10,Palembang,Active
DRV-00133,Galih Wahyudi,GoRide,AB 3267 EA,2022-03-01,Yogyakarta,Active
DRV-00134,Fitri Saputra,GoCar,L 3626 EH,2019-08-27,Surabaya,Active
DRV-00135,Fitri Sugiarto,GoCar,BG 7797 AG,2020-08-23,Palembang,Active
DRV-00136,Gunawan Suwandi,GoRide,BK 2623 FC,2021-03-21,Medan,Inactive
DRV-00137,Yanti Putra,GoCar,BG 2298 AE,2019-09-05,Palembang,Active
DRV-00138,Pandu Saputro,GoRide,AB 4893 EB,2022-09-16,Yogyakarta,Active
DRV-00139,Pandu Sugiarto,GoRide,L 9189 AD,2021-04-08,Surabaya,Active
DRV-00140,Irfan Kurniawan,GoCar,BK 2402 FB,2023-09-10,Medan,Active
DRV-00141,Eko Sugiarto,GoCar,B 1713 GF,2018-03-08,Jakarta,Active
DRV-00142,Lina Saputro,GoRide,BK 6447 CA,2021-10-18,Medan,Active
DRV-00143,Citra Rahayu,GoRide,BG 2033 HA,2018-06-29,Palembang,Active
DRV-00144,Dewi Rahayu,GoCar,H 9897 HE,2020-02-22,Semarang,Active
DRV-00145,Lina Gunawan,GoRide,H 8159 GH,2022-05-03,Semarang,Active
DRV-00146,Lina Kurniawan,GoCar,BG 9507 EB,2018-11-20,Palembang,Active
DRV-00147,Dian Sugiarto,GoCar,H 6372 EE,2022-10-12,Semarang,Active
DRV-00148,Ratna Permata,GoRide,BG 6776 GE,2018-08-23,Palembang,Active
DRV-00149,Yogi Sugiarto,GoRide,DD 3339 HA,2020-08-24,Makassar,Active
DRV-00150,Jaya Sugiarto,GoRide,AB 8371 FF,2018-11-11,Yogyakarta,Active
DRV-00151,Lestari Pratama,GoCar,AB 5089 BA,2023-08-07,Yogyakarta,Active
DRV-00152,Dian Hidayat,GoCar,H 4515 EH,2019-07-10,Semarang,Inactive
DRV-00153,Kartika Hidayat,GoRide,BG 6236 FB,2021-04-04,Palembang,Inactive
DRV-00154,Mulia Sugiarto,GoRide,DD 4292 CD,2018-04-18,Makassar,Active
DRV-00155,Bambang Setiawan,GoRide,BG 2412 BE,2023-05-15,Palembang,Active
DRV-00156,Lestari Setiawan,GoRide,L 2215 HH,2021-11-12,Surabaya,Active
DRV-00157,Wendi Saputra,GoRide,D 1907 BC,2019-10-26,Bandung,Active
DRV-00158,Fitri Wahyudi,GoCar,DD 5105 DE,2021-05-25,Makassar,Active
DRV-00159,Mulia Halim,GoRide,D 6531 AA,2020-12-20,Bandung,Active
DRV-00160,Eko Wijaya,GoCar,B 9938 EE,2022-07-22,Jakarta,Active
DRV-00161,Vika Sugiarto,GoCar,D 8609 DF,2021-07-04,Bandung,Inactive
DRV-00162,Putri Suwandi,GoRide,AB 9437 BF,2019-05-17,Yogyakarta,Active
DRV-00163,Mulia Rahayu,GoRide,L 7293 GD,2019-10-17,Surabaya,Active
DRV-00164,Agus Wahyudi,GoRide,BK 9433 HH,2023-07-31,Medan,Active
DRV-00165,Andi Pratama,GoRide,BG 6781 AA,2023-04-12,Palembang,Active
DRV-00166,Made Sugiarto,GoRide,AB 6992 GF,2018-07-29,Yogyakarta,Active
DRV-00167,Wahyu Kurniawan,GoRide,H 8378 EB,2019-02-01,Semarang,Active
DRV-00168,Gunawan Wahyudi,GoRide,DD 9341 GA,2019-07-16,Makassar,Active
DRV-00169,Pandu Handoko,GoRide,BG 9446 CF,2021-07-28,Palembang,Active
DRV-00170,Niko Handoko,GoCar,DD 5911 HA,2019-03-25,Makassar,Inactive
DRV-00171,Usman Saputra,GoCar,B 4728 AH,2022-04-07,Jakarta,Active
DRV-00172,Pandu Gunawan,GoRide,B 8225 FG,2020-04-15,Jakarta,Active
DRV-00173,Krisna Rahayu,GoRide,B 6325 HG,2019-12-11,Jakarta,Active
DRV-00174,Ulfa Handoko,GoCar,DD 4150 DE,2020-07-10,Makassar,Inactive
DRV-00175,Agus Sugiarto,GoCar,BK 6714 EE,2022-04-05,Medan,Inactive
DRV-00176,Dian Wibowo,GoCar,,2018-11-20,Bandung,Active
DRV-00177,Tari Wahyudi,GoRide,BG 9824 EE,2020-09-07,Palembang,Active
DRV-00178,Lestari Hidayat,GoRide,BK 7771 FH,2019-07-18,Medan,Active
DRV-00179,Fitri Setiawan,GoCar,AB 4267 EF,2018-08-31,Yogyakarta,Inactive
DRV-00180,Agus Gunawan,GoRide,BK 3868 GC,2018-05-29,Medan,Inactive
DRV-00181,Surya Kurniawan,GoCar,D 1151 EB,2021-10-04,Bandung,Active
DRV-00182,Fauzi Wibowo,GoRide,BG 8668 ED,2021-09-16,Palembang,Active
DRV-00183,Irfan Rahayu,GoRide,D 5833 DC,2022-07-19,Bandung,Active
DRV-00184,Zahra Saputra,GoCar,L 4027 CH,2020-10-13,Surabaya,Active
DRV-00185,Hendra Saputro,GoCar,BG 5947 AE,2020-08-25,Palembang,Active
DRV-00186,Oki Saputra,GoRide,H 9233 EB,2021-04-23,Semarang,Active
DRV-00187,Usman Putra,GoCar,D 7121 GH,2020-06-13,Bandung,Active
DRV-00188,Krisna Suwandi,GoCar,L 6927 BB,2023-09-02,Surabaya,Active
DRV-00189,Irfan Saputro,GoCar,D 8239 BD,2023-06-26,Bandung,Active
DRV-00190,Agus Wibowo,GoCar,B 7806 HA,2021-06-16,Jakarta,Active
DRV-00191,Eko Gunawan,GoRide,B 1742 GF,2018-09-04,Jakarta,Inactive
DRV-00192,Zahra Permata,GoCar,B 3218 GF,2022-04-16,Jakarta,Active
DRV-00193,Yanti Saputra,GoRide,L 6697 BC,2022-05-29,Surabaya,Active
DRV-00194,Joko Wibowo,GoRide,B 8585 GG,2020-10-10,Jakarta,Active
DRV-00195,Eko Pratama,GoRide,,2018-03-06,Medan,Active
DRV-00196,Aditya Wijaya,GoCar,B 1797 DA,2020-08-17,Jakarta,Active
DRV-00197,Jaya Saputra,GoCar,D 6224 FD,2019-08-10,Bandung,Inactive
DRV-00198,Tari Permata,GoCar,AB 3869 GH,2021-11-11,Yogyakarta,Inactive
DRV-00199,Oki Handoko,GoCar,DD 5913 GC,2023-04-24,Makassar,Active
DRV-00200,Surya Kusuma,GoCar,D 7761 GC,2020-11-10,Bandung,Active
DRV-00201,Made Setiawan,GoCar,BG 4120 AE,2018-06-11,Palembang,Inactive
DRV-00202,Hendra Gunawan,GoCar,BK 6455 EA,2020-02-18,Medan,Inactive
DRV-00203,Ulfa Wibowo,GoRide,BK 4921 FE,2023-12-26,Medan,Active
DRV-00204,Oki Suwandi,GoCar,DD 8692 FD,2022-08-23,Makassar,Active
DRV-00205,Putri Gunawan,GoCar,B 7841 EC,2020-07-31,Jakarta,Active
DRV-00206,Yanti Kurniawan,GoCar,DD 9005 HH,2021-12-13,Makassar,Active
DRV-00207,Tari Wijaya,GoRide,BG 9882 AA,2018-11-01,Palembang,Inactive
DRV-00208,Yogi Wijaya,GoCar,B 4791 BC,,Jakarta,Active
DRV-00209,Jaya Wibowo,GoCar,,2022-08-12,Palembang,Active
DRV-00210,Made Putra,GoRide,H 8054 CB,2023-11-18,Semarang,Active
DRV-00211,Vera Saputra,GoCar,H 7502 BF,2023-02-24,Semarang,Active
DRV-00212,Andi Hidayat,GoRide,H 1519 BG,2023-05-04,Semarang,Active
DRV-00213,Eko Wibowo,GoCar,L 6427 BA,2023-05-02,Surabaya,Active
DRV-00214,Ulfa Hidayat,GoRide,B 6152 AD,2022-06-20,Jakarta,Inactive
DRV-00215,Vera Kusuma,GoCar,BK 9856 FG,2019-07-28,Medan,Active
DRV-00216,Vika Santoso,GoRide,DD 4803 BF,2022-06-13,Makassar,Inactive
DRV-00217,Pandu Handoko,GoCar,H 6829 GG,2022-04-06,Semarang,Active
DRV-00218,Fitri Santoso,GoRide,BK 3526 GC,2021-07-21,Medan,Active
DRV-00219,Lestari Wahyudi,GoCar,H 5419 BC,2022-11-01,Semarang,Active
DRV-00220,Vika Permata,GoRide,,2019-01-17,Yogyakarta,Active
DRV-00221,Ulfa Wibowo,GoCar,B 2387 DC,2019-11-26,Jakarta,Active
DRV-00222,Putri Gunawan,GoRide,BG 8121 EG,2018-11-12,Palembang,Active
DRV-00223,Wahyu Saputro,GoCar,BK 5991 AG,2022-04-06,Medan,Active
DRV-00224,Lina Permata,GoCar,DD 3230 EF,2020-04-02,Makassar,Active
DRV-00225,Mulia Nugroho,GoCar,DD 9044 DF,2022-05-29,Makassar,Active
DRV-00226,Bambang Gunawan,GoRide,D 8563 DH,2018-10-11,Bandung,Active
DRV-00227,Krisna Wahyudi,GoCar,D 3525 GG,2023-05-17,Bandung,Active
DRV-00228,Pandu Wijaya,GoRide,AB 6890 BB,2021-12-25,Yogyakarta,Active
DRV-00229,Jaya Kurniawan,GoCar,AB 8052 BA,2020-06-28,Yogyakarta,Active
DRV-00230,Bambang Kusuma,GoCar,BK 8586 CF,2023-06-01,Medan,Active
DRV-00231,Dian Saputro,GoRide,L 6620 HD,2021-11-27,Surabaya,Active
DRV-00232,Zulfa Saputra,GoRide,DD 2885 AF,2019-11-05,Makassar,Inactive
DRV-00233,Tari Halim,GoRide,D 7985 HD,2020-01-26,Bandung,Active
DRV-00234,Aditya Kusuma,GoRide,AB 4232 HG,2020-05-29,Yogyakarta,Active
DRV-00235,Ratna Rahayu,GoRide,L 4228 HB,2023-06-28,Surabaya,Active
DRV-00236,Niko Kusuma,GoCar,AB 6700 FH,2021-05-03,Yogyakarta,Inactive
DRV-00237,Bambang Putra,GoCar,D 6003 BC,2019-08-03,Bandung,Active
DRV-00238,Dian Putra,GoCar,D 8973 CC,2019-07-29,Bandung,Active
DRV-00239,Bambang Gunawan,GoCar,B 8939 CD,2023-09-02,Jakarta,Active
DRV-00240,Tono Hidayat,GoCar,AB 2354 AD,2021-01-30,Yogyakarta,Active
DRV-00241,Aditya Wijaya,GoCar,BG 2854 BE,2022-02-11,Palembang,Active
DRV-00242,Xena Kusuma,GoRide,BG 2677 DE,2018-05-13,Palembang,Active
DRV-00243,Indah Nugroho,GoRide,BG 4882 DF,2022-10-20,Palembang,Active
DRV-00244,Sari Wahyudi,GoRide,BK 9720 EC,2021-04-13,Medan,Active
DRV-00245,Indah Saputra,GoRide,L 7743 AE,2019-06-04,Surabaya,Active
DRV-00246,Zahra Saputro,GoCar,D 7434 HC,2021-01-05,Bandung,Active
DRV-00247,Yanti Kusuma,GoRide,L 5558 FH,2021-09-02,Surabaya,Active
DRV-00248,Vika Handoko,GoCar,BG 9756 GD,2020-05-17,Palembang,Active
DRV-00249,Kartika Saputro,GoRide,DD 8951 FA,2023-02-26,Makassar,Active
DRV-00250,Sari Kusuma,GoRide,BG 8009 DC,2021-05-21,Palembang,Active
DRV-00251,Fitri Pratama,GoCar,DD 3711 AG,2020-08-17,Makassar,Active
DRV-00252,Hendra Halim,GoRide,B 3174 DH,,Jakarta,Active
DRV-00253,Indah Permata,GoCar,D 7276 BB,2022-02-14,Bandung,Inactive
DRV-00254,Joko Halim,GoRide,D 1138 CH,2020-05-22,Bandung,Active
DRV-00255,Cahaya Rahayu,GoRide,BG 2646 CB,2022-04-22,Palembang,Active
DRV-00256,Tari Handoko,GoRide,D 2380 DE,2018-04-20,Bandung,Active
DRV-00257,Ratna Putra,GoRide,BK 5842 AD,2019-04-07,Medan,Active
DRV-00258,Usman Hidayat,GoRide,L 6185 CG,2022-09-20,Surabaya,Active
DRV-00259,Dewi Permata,GoRide,,2020-12-09,Palembang,Active
DRV-00260,Nanda Suwandi,GoCar,H 7590 BC,2021-06-23,Semarang,Active
DRV-00261,Fitri Halim,GoCar,DD 2083 EG,2020-09-04,Makassar,Active
DRV-00262,Kartika Gunawan,GoCar,L 1901 EC,2019-07-17,Surabaya,Active
DRV-00263,Cahaya Wibowo,GoCar,DD 3079 EB,2018-05-01,Makassar,Active
DRV-00264,Mulia Hidayat,GoCar,L 2262 HH,2018-08-16,Surabaya,Active
DRV-00265,Andi Saputra,GoRide,DD 2685 BD,2018-01-11,Makassar,Active
DRV-00266,Putri Halim,GoCar,B 3458 CA,2022-09-14,Jakarta,Active
DRV-00267,Agus Kusuma,GoCar,DD 7108 BA,2023-10-14,Makassar,Inactive
DRV-00268,Tono Setiawan,GoCar,BG 6090 FB,2018-02-02,Palembang,Active
DRV-00269,Krisna Sugiarto,GoRide,H 9083 DD,2022-08-07,Semarang,Active
DRV-00270,Jaya Saputra,GoCar,,2021-06-13,Jakarta,Active
DRV-00271,Jaya Halim,GoCar,AB 3332 EB,2020-08-06,Yogyakarta,Inactive
DRV-00272,Mulia Wijaya,GoCar,DD 2391 BC,2022-06-04,Makassar,Active
DRV-00273,Sari Saputra,GoRide,AB 5276 FG,2021-08-29,Yogyakarta,Active
DRV-00274,Hendra Kurniawan,GoRide,L 2785 CB,2023-03-24,Surabaya,Active
DRV-00275,Vera Putra,GoRide,DD 8591 EB,2021-05-31,Makassar,Active
DRV-00276,Dewi Handoko,GoRide,B 6370 CB,2021-12-28,Jakarta,Active
DRV-00277,Lestari Saputra,GoRide,,2023-01-27,Semarang,Active
DRV-00278,Agus Sugiarto,GoCar,L 3290 BA,2020-06-29,Surabaya,Active
DRV-00279,Fitri Rahayu,GoCar,L 2228 AB,2022-12-22,Surabaya,Active
DRV-00280,Zahra Halim,GoRide,L 1829 CG,2022-06-06,Surabaya,Active
DRV-00281,Pandu Putra,GoCar,D 4066 EE,2019-09-01,Bandung,Active
DRV-00282,Surya Wahyudi,GoCar,BK 8848 AB,2019-07-17,Medan,Active
DRV-00283,Sari Hidayat,GoRide,BK 6883 HH,2023-08-20,Medan,Active
DRV-00284,Niko Saputra,GoCar,B 1480 EA,2023-04-17,Jakarta,Active
DRV-00285,Zahra Sugiarto,GoRide,D 4951 EA,2020-06-17,Bandung,Active
DRV-00286,Mulia Suwandi,GoRide,D 6210 FA,2021-12-11,Bandung,Inactive
DRV-00287,Budi Wahyudi,GoCar,BK 3876 HA,2020-08-10,Medan,Active
DRV-00288,Joko Setiawan,GoRide,BG 4300 CF,2021-08-18,Palembang,Active
DRV-00289,Wahyu Handoko,GoRide,D 6978 BF,2022-06-09,Bandung,Active
DRV-00290,Niko Hidayat,GoRide,DD 8157 HF,2022-01-01,Makassar,Active
DRV-00291,Mulia Wijaya,GoCar,AB 5825 CC,2022-05-23,Yogyakarta,Inactive
DRV-00292,Vika Hidayat,GoCar,D 4619 BH,2018-11-15,Bandung,Active
DRV-00293,Galih Santoso,GoCar,L 5345 DD,2021-12-06,Surabaya,Active
DRV-00294,Zahra Pratama,GoCar,B 7875 CG,2022-04-01,Jakarta,Active
DRV-00295,Galih Kusuma,GoRide,BG 2207 AE,,Palembang,Active
DRV-00296,Cahaya Hidayat,GoRide,DD 3636 BB,2023-06-01,Makassar,Active
DRV-00297,Ulfa Saputra,GoRide,AB 6424 DD,2020-12-22,Yogyakarta,Active
DRV-00298,Tari Putra,GoRide,L 9043 CA,2022-10-18,Surabaya,Active
DRV-00299,Ulfa Permata,GoRide,BG 4390 CE,2023-04-24,Palembang,Active
DRV-00300,Dian Wijaya,GoCar,BG 5341 BG,2022-04-12,Palembang,Active
DRV-00301,Xena Kurniawan,GoCar,H 4706 EA,2019-02-01,Semarang,Active
DRV-00302,Fitri Permata,GoRide,AB 7342 GH,2020-08-23,Yogyakarta,Active
DRV-00303,Cahaya Kusuma,GoRide,B 8357 CC,2020-02-29,Jakarta,Active
DRV-00304,Lestari Permata,GoRide,AB 3422 EF,2018-10-02,Yogyakarta,Active
DRV-00305,Niko Pratama,GoCar,DD 1202 GB,2019-08-31,Makassar,Active
DRV-00306,Gunawan Wijaya,GoRide,L 9775 FG,2023-06-12,Surabaya,Active
DRV-00307,Dewi Gunawan,GoCar,D 7581 AG,2021-09-19,Bandung,Active
DRV-00308,Hadi Pratama,GoCar,,2021-05-26,Semarang,Active
DRV-00309,Nanda Halim,GoRide,BK 8259 FE,2019-01-01,Medan,Active
DRV-00310,Jaya Setiawan,GoCar,BG 9442 CB,2023-09-07,Palembang,Active
DRV-00311,Wendi Nugroho,GoRide,B 4288 AD,2018-07-27,Jakarta,Inactive
DRV-00312,Oscar Saputro,GoCar,H 9275 GB,2020-09-17,Semarang,Active
DRV-00313,Vera Kusuma,GoCar,D 6730 FC,2020-11-25,Bandung,Active
DRV-00314,Bambang Wahyudi,GoRide,H 3669 DD,2020-04-26,Semarang,Active
DRV-00315,Wendi Wibowo,GoRide,B 3167 CA,2021-06-05,Jakarta,Active
DRV-00316,Agus Setiawan,GoCar,AB 8520 ED,2023-11-03,Yogyakarta,Active
DRV-00317,Sari Rahayu,GoRide,L 7131 EE,2023-05-28,Surabaya,Active
DRV-00318,Oscar Permata,GoCar,H 5895 DC,2020-09-11,Semarang,Inactive
DRV-00319,Citra Setiawan,GoRide,DD 9148 EE,2022-07-16,Makassar,Active
DRV-00320,Lestari Hidayat,GoCar,BK 4643 HF,2019-11-28,Medan,Active
DRV-00321,Zulfa Handoko,GoRide,H 5237 CF,2020-06-29,Semarang,Active
DRV-00322,Made Wahyudi,GoCar,AB 5817 HB,2018-10-19,Yogyakarta,Active
DRV-00323,Mulia Saputro,GoCar,L 7768 AC,2020-03-31,Surabaya,Active
DRV-00324,Dewi Santoso,GoCar,D 3954 BH,2019-12-26,Bandung,Active
DRV-00325,Cahaya Halim,GoCar,BG 3762 CH,2018-12-27,Palembang,Active
DRV-00326,Vika Wahyudi,GoCar,AB 7280 AA,2022-03-09,Yogyakarta,Inactive
DRV-00327,Niko Handoko,GoRide,BK 5076 DF,2019-02-25,Medan,Active
DRV-00328,Usman Suwandi,GoRide,D 5885 EH,2023-11-17,Bandung,Active
DRV-00329,Indah Nugroho,GoCar,DD 4087 CG,,Makassar,Active
DRV-00330,Dewi Pratama,GoRide,B 1612 GE,2018-07-19,Jakarta,Active
DRV-00331,Joko Nugroho,GoRide,B 7828 HG,2020-11-01,Jakarta,Active
DRV-00332,Pandu Pratama,GoCar,B 2654 EC,2019-03-06,Jakarta,Active
DRV-00333,Xena Halim,GoRide,H 9154 DD,2023-11-13,Semarang,Inactive
DRV-00334,Gunawan Rahayu,GoRide,,2020-04-30,Semarang,Active
DRV-00335,Tari Gunawan,GoRide,,2019-03-29,Medan,Active
DRV-00336,Tono Wibowo,GoRide,D 2229 BE,2023-02-14,Bandung,Inactive
DRV-00337,Hendra Pratama,GoRide,BG 3862 AE,2021-07-04,Palembang,Active
DRV-00338,Fitri Sugiarto,GoRide,B 3793 FF,2021-01-03,Jakarta,Inactive
DRV-00339,Surya Hidayat,GoRide,DD 7557 HE,2023-05-13,Makassar,Active
DRV-00340,Usman Saputro,GoRide,L 1960 CB,2023-06-01,Surabaya,Active
DRV-00341,Dian Wijaya,GoCar,D 1472 CH,2019-04-08,Bandung,Inactive
DRV-00342,Yanti Saputra,GoCar,L 1202 DF,2019-01-26,Surabaya,Active
DRV-00343,Irfan Gunawan,GoCar,BG 7305 CA,,Palembang,Inactive
DRV-00344,Oki Kurniawan,GoRide,BG 9055 FD,2021-02-13,Palembang,Active
DRV-00345,Hadi Saputro,GoCar,AB 2291 HH,2023-01-10,Yogyakarta,Active
DRV-00346,Oscar Putra,GoRide,DD 1291 BG,2018-01-01,Makassar,Active
DRV-00347,Wahyu Kurniawan,GoRide,H 8474 FF,2020-07-02,Semarang,Active
DRV-00348,Ratna Handoko,GoCar,BG 2868 BD,,Palembang,Active
DRV-00349,Zulfa Halim,GoRide,,2019-07-30,Makassar,Active
DRV-00350,Galih Halim,GoCar,L 4072 BG,2020-02-20,Surabaya,Active
DRV-00351,Dewi Kurniawan,GoRide,B 8381 HC,2018-01-18,Jakarta,Active
DRV-00352,Zahra Halim,GoCar,AB 3903 CC,2021-08-11,Yogyakarta,Active
DRV-00353,Vera Wahyudi,GoCar,BK 6617 EH,2019-07-20,Medan,Active
DRV-00354,Usman Suwandi,GoCar,H 4560 DD,2021-04-05,Semarang,Active
DRV-00355,Cahaya Santoso,GoCar,D 6771 HG,2023-12-27,Bandung,Active
DRV-00356,Usman Wibowo,GoRide,L 1869 AD,2019-10-22,Surabaya,Inactive
DRV-00357,Usman Kurniawan,GoRide,D 5835 DA,2023-01-28,Bandung,Active
DRV-00358,Dewi Santoso,GoCar,BK 5712 AG,2021-07-04,Medan,Inactive
DRV-00359,Made Handoko,GoRide,H 8259 DF,2020-03-15,Semarang,Active
DRV-00360,Cahaya Wibowo,GoRide,BG 2220 CC,2019-05-04,Palembang,Active
DRV-00361,Vika Putra,GoRide,H 5178 AF,2019-09-27,Semarang,Active
DRV-00362,Irfan Hidayat,GoCar,B 6866 BF,2020-01-24,Jakarta,Active
DRV-00363,Aditya Putra,GoCar,AB 4624 DF,2021-04-17,Yogyakarta,Active
DRV-00364,Usman Rahayu,GoRide,BG 6668 HD,2020-09-25,Palembang,Inactive
DRV-00365,Irfan Saputro,GoRide,AB 9851 EA,2022-03-16,Yogyakarta,Active
DRV-00366,Krisna Kurniawan,GoRide,BG 4154 FB,2019-11-17,Palembang,Inactive
DRV-00367,Eko Suwandi,GoRide,B 4492 GB,2022-11-18,Jakarta,Active
DRV-00368,Mulia Saputra,GoCar,B 1620 BB,2020-10-28,Jakarta,Active
DRV-00369,Krisna Santoso,GoCar,H 7626 GF,,Semarang,Active
DRV-00370,Tono Saputro,GoRide,L 2189 FB,2021-05-19,Surabaya,Active
DRV-00371,Krisna Handoko,GoCar,AB 1504 HC,2019-07-13,Yogyakarta,Active
DRV-00372,Agus Kurniawan,GoCar,D 7113 AC,2018-01-21,Bandung,Active
DRV-00373,Lina Saputra,GoCar,L 6633 DG,2023-10-01,Surabaya,Active
DRV-00374,Made Setiawan,GoRide,H 1891 HB,2018-10-03,Semarang,Active
DRV-00375,Dian Rahayu,GoCar,BG 4842 BE,2020-03-03,Palembang,Active
DRV-00376,Oki Halim,GoRide,H 6971 FG,2021-07-06,Semarang,Active
DRV-00377,Galih Hidayat,GoCar,H 6432 HH,2021-06-05,Semarang,Active
DRV-00378,Budi Wahyudi,GoCar,L 3293 DE,2018-11-10,Surabaya,Active
DRV-00379,Joko Sugiarto,GoCar,B 4485 AE,2023-04-18,Jakarta,Active
DRV-00380,Irfan Santoso,GoRide,AB 5767 CH,2019-01-06,Yogyakarta,Active
DRV-00381,Gunawan Sugiarto,GoRide,BK 3299 HC,2019-08-22,Medan,Active
DRV-00382,Jaya Sugiarto,GoRide,B 4796 BE,2018-06-25,Jakarta,Active
DRV-00383,Sari Wibowo,GoCar,AB 1760 AF,2023-11-06,Yogyakarta,Active
DRV-00384,Xena Sugiarto,GoCar,D 6985 BE,2020-07-01,Bandung,Active
DRV-00385,Sari Nugroho,GoCar,BG 1108 CH,2018-11-12,Palembang,Active
DRV-00386,Gunawan Gunawan,GoRide,D 2938 DG,2019-04-10,Bandung,Active
DRV-00387,Irfan Wijaya,GoRide,BK 7732 AD,2019-10-22,Medan,Active
DRV-00388,Nanda Saputro,GoRide,D 3949 GA,2021-03-07,Bandung,Inactive
DRV-00389,Yanti Rahayu,GoCar,BG 7730 CC,2023-09-24,Palembang,Active
DRV-00390,Irfan Halim,GoRide,BG 7315 CB,,Palembang,Active
DRV-00391,Krisna Santoso,GoRide,D 1639 BB,2019-06-18,Bandung,Inactive
DRV-00392,Zahra Sugiarto,GoCar,AB 1711 GD,2023-05-29,Yogyakarta,Active
DRV-00393,Andi Santoso,GoCar,L 8817 DB,2022-08-01,Surabaya,Active
DRV-00394,Niko Wibowo,GoRide,L 4365 FG,2019-09-26,Surabaya,Active
DRV-00395,Lestari Kurniawan,GoCar,H 5514 GD,2023-05-31,Semarang,Active
DRV-00396,Dian Hidayat,GoCar,BG 6641 GC,2019-05-03,Palembang,Active
DRV-00397,Joko Gunawan,GoRide,L 6544 AC,2018-01-22,Surabaya,Active
DRV-00398,Agus Putra,GoRide,AB 4633 FB,2022-04-24,Yogyakarta,Inactive
DRV-00399,Jaya Handoko,GoRide,H 3871 HH,,Semarang,Inactive
DRV-00400,Andi Hidayat,GoRide,BK 9364 DC,2022-01-13,Medan,Active
DRV-00401,Wendi Kusuma,GoCar,L 6785 GG,2023-10-22,Surabaya,Active
DRV-00402,Agus Setiawan,GoCar,L 6703 FE,2020-03-07,Surabaya,Active
DRV-00403,Irfan Wibowo,GoCar,B 9294 BB,2021-10-24,Jakarta,Inactive
DRV-00404,Niko Santoso,GoCar,H 8923 DF,2023-02-23,Semarang,Active
DRV-00405,Jaya Kurniawan,GoRide,BG 7269 DD,2022-08-17,Palembang,Inactive
DRV-00406,Xena Nugroho,GoCar,B 2523 GF,2020-01-02,Jakarta,Active
DRV-00407,Nanda Saputra,GoRide,H 4115 HD,2020-09-18,Semarang,Inactive
DRV-00408,Tari Gunawan,GoRide,BK 6833 CB,2018-11-18,Medan,Active
DRV-00409,Aditya Wahyudi,GoRide,B 7081 FH,2021-01-30,Jakarta,Active
DRV-00410,Agus Hidayat,GoCar,H 3101 AG,2018-05-14,Semarang,Active
DRV-00411,Niko Pratama,GoRide,BG 8537 FA,,Palembang,Active
DRV-00412,Wahyu Sugiarto,GoCar,DD 5254 CE,2023-04-15,Makassar,Inactive
DRV-00413,Mulia Suwandi,GoCar,D 7866 FF,2021-02-19,Bandung,Active
DRV-00414,Andi Hidayat,GoRide,BK 4863 GG,2019-09-05,Medan,Active
DRV-00415,Vera Hidayat,GoCar,AB 9470 FH,2018-07-15,Yogyakarta,Active
DRV-00416,Lestari Kurniawan,GoRide,B 8807 BH,2020-11-30,Jakarta,Active
DRV-00417,Surya Kurniawan,GoCar,,2020-03-25,Semarang,Active
DRV-00418,Fauzi Suwandi,GoCar,D 9363 HH,2022-04-10,Bandung,Active
DRV-00419,Surya Handoko,GoCar,D 7631 BB,2020-07-23,Bandung,Active
DRV-00420,Indah Saputra,GoCar,H 8289 FH,2020-01-24,Semarang,Inactive
DRV-00421,Budi Permata,GoRide,H 7505 BB,2023-04-23,Semarang,Active
DRV-00422,Dian Suwandi,GoRide,L 3544 BG,2020-10-10,Surabaya,Active
DRV-00423,Fauzi Kurniawan,GoRide,,2021-08-25,Bandung,Inactive
DRV-00424,Ratna Kurniawan,GoCar,H 9835 CH,2022-11-17,Semarang,Active
DRV-00425,Ulfa Santoso,GoCar,H 4721 BH,2022-08-16,Semarang,Active
DRV-00426,Cahaya Handoko,GoRide,B 8687 AH,2023-05-09,Jakarta,Active
DRV-00427,Surya Permata,GoRide,BK 4089 GG,2019-10-31,Medan,Active
DRV-00428,Bambang Nugroho,GoRide,AB 7917 DE,2023-12-19,Yogyakarta,Active
DRV-00429,Budi Suwandi,GoRide,L 2808 HH,2023-07-09,Surabaya,Active
DRV-00430,Oki Kusuma,GoRide,B 2675 EE,2022-12-01,Jakarta,Active
DRV-00431,Fauzi Wijaya,GoRide,D 6601 GE,2023-08-04,Bandung,Inactive
DRV-00432,Lina Nugroho,GoRide,DD 3393 AE,2018-10-20,Makassar,Active
DRV-00433,Citra Nugroho,GoCar,H 2998 DG,2022-12-20,Semarang,Active
DRV-00434,Kartika Wijaya,GoRide,BG 4415 HG,2021-07-02,Palembang,Inactive
DRV-00435,Putri Halim,GoCar,L 5895 DF,2020-06-11,Surabaya,Inactive
DRV-00436,Niko Gunawan,GoRide,DD 5523 BG,2018-02-06,Makassar,Inactive
DRV-00437,Aditya Wijaya,GoCar,D 5075 CH,2021-10-18,Bandung,Inactive
DRV-00438,Surya Sugiarto,GoCar,B 9787 BC,2021-07-21,Jakarta,Inactive
DRV-00439,Citra Gunawan,GoRide,,2019-07-06,Palembang,Active
DRV-00440,Sari Putra,GoCar,BG 9029 DC,2021-08-18,Palembang,Active
DRV-00441,Ratna Wahyudi,GoRide,D 8362 EE,2023-02-03,Bandung,Active
DRV-00442,Usman Gunawan,GoRide,AB 6965 DF,2022-05-07,Yogyakarta,Active
DRV-00443,Indah Hidayat,GoCar,D 6276 BB,2018-10-01,Bandung,Active
DRV-00444,Jaya Putra,GoRide,B 4139 BA,2022-05-11,Jakarta,Active
DRV-00445,Ratna Wijaya,GoRide,H 2161 AD,2018-11-24,Semarang,Active
DRV-00446,Nanda Wahyudi,GoCar,DD 1955 EA,2021-05-29,Makassar,Active
DRV-00447,Lina Kurniawan,GoRide,L 9710 GD,2020-10-15,Surabaya,Active
DRV-00448,Lestari Permata,GoRide,AB 6864 HG,2019-11-15,Yogyakarta,Active
DRV-00449,Bambang Halim,GoRide,DD 8258 FF,2021-08-22,Makassar,Active
DRV-00450,Agus Santoso,GoRide,DD 4504 GE,2023-01-28,Makassar,Active
DRV-00451,Nanda Rahayu,GoCar,B 9480 CE,,Jakarta,Inactive
DRV-00452,Reza Sugiarto,GoCar,B 9376 CB,2021-12-27,Jakarta,Active
DRV-00453,Yanti Rahayu,GoRide,BK 5920 BG,2020-06-09,Medan,Active
DRV-00454,Dewi Rahayu,GoRide,BG 2562 EA,2022-04-12,Palembang,Active
DRV-00455,Jaya Wijaya,GoCar,DD 2974 DA,2022-04-16,Makassar,Active
DRV-00456,Aditya Putra,GoRide,DD 4617 CA,2022-05-29,Makassar,Inactive
DRV-00457,Dewi Kurniawan,GoRide,L 7460 CC,2023-05-04,Surabaya,Active
DRV-00458,Hadi Permata,GoCar,AB 9221 GC,2023-05-24,Yogyakarta,Active
DRV-00459,Bambang Halim,GoRide,BK 5362 GF,2019-01-02,Medan,Active
DRV-00460,Dian Putra,GoCar,DD 6644 AE,2021-12-03,Makassar,Active
DRV-00461,Joko Kusuma,GoCar,,2020-03-28,Bandung,Active
DRV-00462,Gunawan Santoso,GoRide,L 3419 EA,2019-04-01,Surabaya,Active
DRV-00463,Tari Santoso,GoRide,DD 4471 DE,2019-08-02,Makassar,Active
DRV-00464,Surya Santoso,GoRide,AB 1984 ED,2021-01-16,Yogyakarta,Active
DRV-00465,Zahra Wahyudi,GoCar,L 6901 BA,2022-05-03,Surabaya,Active
DRV-00466,Wendi Santoso,GoCar,L 9709 BC,2023-02-19,Surabaya,Active
DRV-00467,Usman Sugiarto,GoRide,B 5995 FH,2019-10-06,Jakarta,Active
DRV-00468,Budi Kurniawan,GoCar,DD 9212 EA,2022-05-05,Makassar,Inactive
DRV-00469,Pandu Saputra,GoRide,H 7436 CB,2023-11-03,Semarang,Inactive
DRV-00470,Indah Setiawan,GoRide,AB 7987 EF,2019-06-24,Yogyakarta,Active
DRV-00471,Mulia Hidayat,GoRide,BK 9582 CG,2019-08-18,Medan,Active
DRV-00472,Aditya Rahayu,GoRide,DD 2939 CF,2019-08-20,Makassar,Active
DRV-00473,Pandu Putra,GoCar,AB 5485 CD,2020-01-27,Yogyakarta,Active
DRV-00474,Oscar Gunawan,GoRide,H 4783 AF,2023-05-07,Semarang,Active
DRV-00475,Aditya Santoso,GoRide,DD 9051 HC,2020-07-15,Makassar,Active
DRV-00476,Hadi Rahayu,GoCar,H 4323 DB,2022-12-05,Semarang,Inactive
DRV-00477,Wendi Wijaya,GoRide,BG 1685 GF,2023-11-22,Palembang,Active
DRV-00478,Jaya Wijaya,GoCar,L 1694 DG,2018-06-10,Surabaya,Active
DRV-00479,Dewi Wahyudi,GoCar,BK 5989 EH,2021-04-20,Medan,Active
DRV-00480,Vika Saputro,GoCar,D 8400 BB,2019-07-09,Bandung,Active
DRV-00481,Hendra Kusuma,GoRide,B 4308 HB,2019-11-03,Jakarta,Active
DRV-00482,Kartika Rahayu,GoCar,L 2397 GC,2022-04-08,Surabaya,Active
DRV-00483,Lina Pratama,GoRide,D 3930 AG,2023-01-02,Bandung,Active
DRV-00484,Hadi Kurniawan,GoRide,,2018-02-20,Bandung,Active
DRV-00485,Lestari Wibowo,GoCar,B 8794 HG,2018-01-27,Jakarta,Active
DRV-00486,Oscar Handoko,GoRide,BK 1902 FA,2018-05-13,Medan,Active
DRV-00487,Tono Putra,GoRide,,2020-01-01,Makassar,Active
DRV-00488,Zahra Kusuma,GoCar,D 6901 AB,2021-08-15,Bandung,Active
DRV-00489,Vera Nugroho,GoRide,AB 3204 BE,2022-08-22,Yogyakarta,Active
DRV-00490,Vika Wibowo,GoRide,B 9666 BH,2021-03-22,Jakarta,Active
DRV-00491,Made Santoso,GoRide,DD 9132 HH,2020-08-11,Makassar,Active
DRV-00492,Ratna Nugroho,GoRide,L 2932 DG,2021-09-29,Surabaya,Active
DRV-00493,Hendra Rahayu,GoRide,B 5168 BE,2021-08-19,Jakarta,Active
DRV-00494,Gunawan Gunawan,GoCar,DD 1477 CD,2021-10-16,Makassar,Inactive
DRV-00495,Dewi Wahyudi,GoRide,B 8546 FH,2022-08-23,Jakarta,Inactive
DRV-00496,Joko Wibowo,GoCar,H 1306 DF,2021-12-19,Semarang,Active
DRV-00497,Aditya Handoko,GoCar,B 9753 CG,2019-04-24,Jakarta,Inactive
DRV-00498,Ulfa Hidayat,GoRide,DD 2422 HD,2021-05-24,Makassar,Active
DRV-00499,Joko Nugroho,GoCar,L 4311 BH,2023-05-31,Surabaya,Inactive
DRV-00500,Jaya Suwandi,GoCar,DD 9579 EF,2019-02-07,Makassar,Active
