user_id,user_name,registration_date,user_segment
USR-000001,Kajen Maryati,2024-05-25,Regular
USR-000002,Ir. Gawati Hassanah,2025-09-02,Regular
USR-000003,Malika Wastuti,2024-11-21,Regular
USR-000004,"Olivia Maryadi, S.I.Kom",2025-10-20,Regular
USR-000005,Ciaobella Sihombing,2023-05-28,Regular
USR-000006,Bambang Megantara,2025-01-25,Regular
USR-000007,Jasmin Hasanah,2024-10-12,VIP
USR-000008,drg. Gantar Kusmawati,2024-03-06,VIP
USR-000009,Tantri Hartati,2023-09-18,Regular
USR-000010,Eja Gunawan,2024-08-27,Regular
USR-000011,Samsul Siregar,2023-10-15,Regular
USR-000012,Murti Marbun,2026-01-20,VIP
USR-000013,R.M. Kusuma Manullang,2024-05-02,VIP
USR-000014,dr. Yusuf Hariyah,2024-09-15,Regular
USR-000015,"dr. Lasmono Nashiruddin, S.E.",2024-04-14,Regular
USR-000016,"Ian Widodo, S.Ked",2026-01-08,Regular
USR-000017,Ihsan Rahayu,2025-11-28,Regular
USR-000018,Agnes Prabowo,2025-02-15,Regular
USR-000019,Umi Haryanto,2024-03-04,VIP
USR-000020,Raharja Nasyiah,2025-10-02,Regular
USR-000021,Jane Napitupulu,2024-02-04,Regular
USR-000022,Eluh Winarsih,2025-03-30,Regular
USR-000023,Ir. Galar Riyanti,2025-05-19,Regular
USR-000024,drg. Rini Latupono,2024-12-13,VIP
USR-000025,Zulfa Haryanti,2024-10-11,VIP
USR-000026,Rahmat Wulandari,2025-12-04,Regular
USR-000027,Ir. Chelsea Wulandari,2024-07-25,VIP
USR-000028,Devi Permadi,2023-11-14,Regular
USR-000029,Cemplunk Wahyudin,2024-08-06,VIP
USR-000030,Kajen Wibisono,2026-04-01,Regular
USR-000031,R. Ratih Winarno,2025-01-28,Regular
USR-000032,Jinawi Usada,2025-02-05,VIP
USR-000033,"Septi Natsir, M.Pd",2025-08-01,VIP
USR-000034,Irma Mandala,2024-01-04,Regular
USR-000035,Zaenab Hartati,2024-02-04,VIP
USR-000036,Sakti Tamba,2025-12-07,VIP
USR-000037,Diana Nababan,2023-05-04,Regular
USR-000038,Dr. Martani Lailasari,2024-12-06,Regular
USR-000039,"Joko Agustina, M.M.",2025-01-14,Regular
USR-000040,Bakda Pratiwi,2025-05-18,Regular
USR-000041,"KH. Darmaji Siregar, S.Gz",2023-06-06,Regular
USR-000042,Kawaya Suwarno,2024-06-19,Regular
USR-000043,"drg. Karya Lailasari, M.Pd",2024-01-06,Regular
USR-000044,Kemal Latupono,2025-06-21,Regular
USR-000045,"Dr. Ridwan Utama, M.Pd",2024-06-09,Regular
USR-000046,"H. Irnanto Palastri, S.Kom",2023-06-23,Regular
USR-000047,Oman Yolanda,2025-02-08,Regular
USR-000048,Ami Hartati,2024-05-08,Regular
USR-000049,Zelda Irawan,2024-06-01,Regular
USR-000050,"Puti Vicky Prakasa, S.Kom",2025-03-02,Regular
USR-000051,"Kamaria Suryatmi, S.Farm",2025-10-19,Regular
USR-000052,R. Violet Putra,2024-01-02,Regular
USR-000053,"Dt. Kairav Tampubolon, M.Pd",2024-03-06,Regular
USR-000054,Drs. Ella Sinaga,2024-06-29,Regular
USR-000055,Icha Pertiwi,2026-04-17,Regular
USR-000056,"Drs. Shania Kuswoyo, S.E.I",2024-06-08,Regular
USR-000057,Enteng Yolanda,2025-01-18,Regular
USR-000058,"Zelaya Mustofa, S.H.",2023-11-03,VIP
USR-000059,"Janet Prayoga, S.Sos",2023-12-03,Regular
USR-000060,Koko Usamah,2025-05-19,Regular
USR-000061,"Heryanto Waluyo, M.M.",2024-06-10,Regular
USR-000062,"Putu Iswahyudi, S.Sos",2023-08-15,Regular
USR-000063,"Indah Uwais, M.M.",2025-06-28,Regular
USR-000064,Ratna Adriansyah,2025-05-17,Regular
USR-000065,"Michelle Usada, S.I.Kom",2023-09-11,Regular
USR-000066,"Dr. Hasta Pratama, S.Farm",2023-07-27,Regular
USR-000067,Hasna Sinaga,2024-03-14,Regular
USR-000068,Pia Permata,2024-07-03,Regular
USR-000069,Dr. Winda Siregar,2023-11-08,Regular
USR-000070,"Dt. Arsipatra Januar, M.M.",2026-03-15,Regular
USR-000071,Wisnu Manullang,2023-05-15,Regular
USR-000072,Ade Aryani,2025-03-05,VIP
USR-000073,"Diah Yulianti, S.Pd",2024-02-28,Regular
USR-000074,"Tgk. Cornelia Yolanda, S.I.Kom",2023-12-22,Regular
USR-000075,Hardana Widiastuti,2024-05-12,Regular
USR-000076,Aslijan Widodo,2026-01-22,Regular
USR-000077,Tari Pradipta,2025-12-16,Regular
USR-000078,"Bakijan Kuswoyo, S.Ked",2025-02-14,VIP
USR-000079,Citra Mustofa,2024-03-16,Regular
USR-000080,Karja Zulaika,2025-10-28,Regular
USR-000081,Adika Siregar,2025-03-11,Regular
USR-000082,"drg. Talia Mustofa, M.Kom.",2023-10-24,Regular
USR-000083,Harjo Irawan,2023-08-08,VIP
USR-000084,Galar Uwais,2023-09-26,Regular
USR-000085,Harjaya Mansur,2024-07-27,VIP
USR-000086,"Cakrabirawa Hidayat, M.TI.",2026-01-10,Regular
USR-000087,Lurhur Yulianti,2025-09-11,Regular
USR-000088,Kamaria Prabowo,2023-12-30,Regular
USR-000089,"Eka Zulkarnain, M.Ak",2025-12-20,Regular
USR-000090,Zelda Pratama,2026-03-21,VIP
USR-000091,Cahyono Maheswara,2023-09-01,VIP
USR-000092,"Kiandra Tampubolon, S.Farm",2025-10-21,Regular
USR-000093,"R.M. Dirja Saefullah, S.Pt",2024-08-20,Regular
USR-000094,Drs. Limar Sudiati,2024-05-09,Regular
USR-000095,"H. Akarsana Wahyuni, S.Pd",2024-07-05,Regular
USR-000096,Drs. Kacung Nainggolan,2024-03-04,Regular
USR-000097,Septi Habibi,2024-12-18,Regular
USR-000098,Kiandra Kusumo,2024-04-25,Regular
USR-000099,Suci Riyanti,2024-04-28,Regular
USR-000100,Dt. Gatra Simanjuntak,2023-08-08,Regular
USR-000101,Zelda Purnawati,2023-11-11,Regular
USR-000102,Puji Zulaika,2025-02-01,VIP
USR-000103,"drg. Xanana Hidayanto, S.Ked",2024-01-13,Regular
USR-000104,Aditya Saptono,2025-10-18,VIP
USR-000105,Virman Halim,2024-03-20,Regular
USR-000106,T. Lutfan Mardhiyah,2024-12-28,VIP
USR-000107,Tira Wacana,2025-01-24,Regular
USR-000108,"Kawaca Nasyiah, M.Ak",2023-08-26,Regular
USR-000109,Chelsea Saragih,2023-12-13,Regular
USR-000110,Sutan Respati Mangunsong,2023-08-20,Regular
USR-000111,Kania Rahmawati,2025-07-31,VIP
USR-000112,"Ir. Maman Yuniar, S.Pt",2025-12-30,Regular
USR-000113,"Maya Permadi, S.Gz",2024-08-13,Regular
USR-000114,Wahyu Fujiati,2024-05-03,Regular
USR-000115,Rahmi Sudiati,2023-10-17,Regular
USR-000116,Salwa Wahyuni,2023-07-14,Regular
USR-000117,Adinata Mandala,2024-01-17,Regular
USR-000118,Carub Mandasari,2026-04-13,Regular
USR-000119,Dr. Purwa Rajata,2024-10-09,Regular
USR-000120,Dian Santoso,2024-01-04,Regular
USR-000121,"Dt. Gandewa Aryani, S.T.",2023-10-20,Regular
USR-000122,Eluh Permata,2025-07-11,Regular
USR-000123,Jamal Hasanah,2025-12-19,VIP
USR-000124,Amelia Mandasari,2025-06-21,Regular
USR-000125,Gading Manullang,2025-09-16,VIP
USR-000126,"R. Tugiman Pertiwi, S.IP",2024-05-20,Regular
USR-000127,"Oni Adriansyah, S.Gz",2024-04-08,Regular
USR-000128,Arsipatra Halimah,2023-05-09,Regular
USR-000129,Eka Nugroho,2024-11-05,Regular
USR-000130,KH. Vino Yolanda,2023-06-13,Regular
USR-000131,Galur Prayoga,2025-01-30,Regular
USR-000132,"Jamalia Saputra, S.Pt",2025-01-25,Regular
USR-000133,Devi Mardhiyah,2025-09-23,Regular
USR-000134,Cemani Prasetyo,2026-02-28,Regular
USR-000135,Xanana Wacana,2025-06-29,VIP
USR-000136,Zelaya Suryono,2023-08-05,VIP
USR-000137,Clara Puspasari,2024-08-14,VIP
USR-000138,Gading Pangestu,2025-03-29,Regular
USR-000139,Tgk. Ulya Oktaviani,2024-07-15,VIP
USR-000140,Kartika Rahayu,2024-04-30,Regular
USR-000141,"KH. Daliman Palastri, S.H.",2025-05-25,VIP
USR-000142,Wardi Wasita,2023-12-09,Regular
USR-000143,Kemba Situmorang,2023-05-27,Regular
USR-000144,"Cut Juli Adriansyah, S.Sos",2026-01-01,Regular
USR-000145,Danang Nuraini,2024-08-09,Regular
USR-000146,Nurul Halim,2024-04-23,Regular
USR-000147,"Indah Iswahyudi, S.Gz",2023-11-27,Regular
USR-000148,"Drs. Laras Wahyudin, M.M.",2024-04-13,Regular
USR-000149,Puti Ophelia Mansur,2023-08-29,Regular
USR-000150,"drg. Citra Rahayu, M.Farm",2026-01-03,Regular
USR-000151,Salimah Mustofa,2023-07-25,Regular
USR-000152,Hana Sihotang,2024-04-21,VIP
USR-000153,"Yance Simbolon, S.Psi",2024-12-20,VIP
USR-000154,Gina Hutagalung,2025-03-23,Regular
USR-000155,Purwadi Padmasari,2024-02-28,Regular
USR-000156,Balamantri Marbun,2023-10-06,Regular
USR-000157,Iriana Wasita,2025-03-18,Regular
USR-000158,Tgk. Yoga Pranowo,2023-10-24,Regular
USR-000159,Malika Saptono,2025-03-22,Regular
USR-000160,Candrakanta Sihombing,2023-10-23,Regular
USR-000161,"Rahmi Gunarto, S.Kom",2026-04-18,Regular
USR-000162,Bakijan Prayoga,2024-09-10,Regular
USR-000163,Oliva Hardiansyah,2024-10-23,Regular
USR-000164,Hana Natsir,2026-03-06,Regular
USR-000165,Zulaikha Hartati,2023-06-07,VIP
USR-000166,"Pia Prayoga, S.IP",2025-08-30,Regular
USR-000167,Rangga Mandala,2025-04-06,VIP
USR-000168,Aswani Prasetya,2023-10-25,Regular
USR-000169,Ridwan Wacana,2023-11-09,Regular
USR-000170,"Lasmono Yuliarti, S.Pt",2024-11-18,Regular
USR-000171,Tgk. Yulia Hutagalung,2025-10-10,Regular
USR-000172,Dalimin Yuliarti,2023-05-23,Regular
USR-000173,"R.M. Bakiman Sitompul, S.IP",2025-03-08,VIP
USR-000174,Alika Narpati,2023-06-25,Regular
USR-000175,Yuni Widodo,2025-09-27,VIP
USR-000176,Harjaya Zulaika,2025-05-29,Regular
USR-000177,Garang Prabowo,2025-02-10,Regular
USR-000178,Indah Hassanah,2024-02-04,Regular
USR-000179,Luwes Safitri,2023-12-06,Regular
USR-000180,Marsudi Sihombing,2025-12-03,VIP
USR-000181,Pia Kuswandari,2025-06-03,Regular
USR-000182,Estiono Winarno,2023-07-23,VIP
USR-000183,Farah Yuniar,2023-11-19,Regular
USR-000184,Lasmono Palastri,2025-07-14,Regular
USR-000185,Violet Tamba,2023-05-20,Regular
USR-000186,KH. Jayeng Situmorang,2025-05-04,Regular
USR-000187,Tgk. Harsanto Saputra,2025-09-14,Regular
USR-000188,Galuh Riyanti,2024-01-24,Regular
USR-000189,Umar Setiawan,2024-03-25,Regular
USR-000190,"drg. Karta Tamba, M.Farm",2023-07-20,Regular
USR-000191,Baktianto Prayoga,2024-04-15,VIP
USR-000192,Emas Nasyidah,2026-02-03,Regular
USR-000193,"Sutan Kamal Wibisono, S.I.Kom",2023-07-15,Regular
USR-000194,Dasa Rahayu,2024-01-14,VIP
USR-000195,"H. Nalar Tamba, M.Farm",2024-08-26,VIP
USR-000196,"Tira Thamrin, M.Farm",2023-06-02,VIP
USR-000197,Kardi Nainggolan,2025-09-11,VIP
USR-000198,T. Cayadi Lestari,2025-05-23,Regular
USR-000199,Asman Pradipta,2023-06-17,VIP
USR-000200,Ajimat Novitasari,2025-11-09,Regular
USR-000201,Gamblang Susanti,2025-05-01,Regular
USR-000202,"R.M. Ganep Nugroho, S.Psi",2024-02-26,Regular
USR-000203,Cakrajiya Rahmawati,2023-07-21,VIP
USR-000204,Prayitna Kusumo,2026-04-18,Regular
USR-000205,"dr. Belinda Wahyudin, S.Sos",2025-07-15,Regular
USR-000206,Gandi Sihombing,2025-10-16,Regular
USR-000207,Candrakanta Fujiati,2024-09-02,Regular
USR-000208,Sadina Simanjuntak,2026-01-07,Regular
USR-000209,"Putri Susanti, S.I.Kom",2024-01-15,VIP
USR-000210,"Lanjar Natsir, S.Sos",2024-03-31,Regular
USR-000211,"Shakila Sihombing, S.E.I",2024-08-08,Regular
USR-000212,"Ade Pertiwi, S.Sos",2024-01-21,Regular
USR-000213,Cemplunk Suartini,2025-09-17,VIP
USR-000214,"Drs. Darman Uyainah, M.Farm",2024-08-26,VIP
USR-000215,Dinda Sitompul,2023-09-28,VIP
USR-000216,Ganjaran Simanjuntak,2023-08-18,Regular
USR-000217,"Timbul Irawan, S.Psi",2024-01-05,Regular
USR-000218,Eman Pranowo,2025-03-13,Regular
USR-000219,"Betania Tampubolon, S.T.",2024-05-11,VIP
USR-000220,"Ade Hardiansyah, S.Sos",2023-10-04,Regular
USR-000221,"Lili Marbun, S.Farm",2025-02-28,Regular
USR-000222,Kamaria Palastri,2025-05-24,Regular
USR-000223,Radit Kuswandari,2024-11-23,Regular
USR-000224,"Prabu Prasetyo, S.E.",2025-10-03,VIP
USR-000225,Raharja Firmansyah,2025-03-21,Regular
USR-000226,Galuh Rajata,2024-07-21,Regular
USR-000227,Gangsa Narpati,2023-09-29,Regular
USR-000228,Opan Hutagalung,2024-11-23,Regular
USR-000229,Gandi Riyanti,2025-08-16,Regular
USR-000230,Tiara Dabukke,2025-11-28,Regular
USR-000231,"Catur Sudiati, S.Farm",2025-02-18,Regular
USR-000232,Baktianto Sitompul,2023-12-20,Regular
USR-000233,Hasan Puspasari,2024-03-04,Regular
USR-000234,Salimah Suryono,2025-08-06,Regular
USR-000235,Bakti Hardiansyah,2024-07-24,VIP
USR-000236,Drs. Zaenab Lestari,2024-12-20,Regular
USR-000237,Gatra Adriansyah,2023-12-14,Regular
USR-000238,Emil Wijayanti,2025-02-12,VIP
USR-000239,Dr. Farah Kuswoyo,2025-12-16,Regular
USR-000240,Cawisono Uyainah,2023-05-29,Regular
USR-000241,Jasmani Latupono,2024-07-16,Regular
USR-000242,"dr. Jarwi Lestari, S.T.",2024-08-11,Regular
USR-000243,"Kenari Wibisono, S.E.",2023-09-08,Regular
USR-000244,Kartika Nashiruddin,2024-11-16,Regular
USR-000245,Eluh Farida,2025-03-12,Regular
USR-000246,Genta Santoso,2025-04-11,VIP
USR-000247,Cakrawangsa Widiastuti,2025-09-12,Regular
USR-000248,Mulyono Situmorang,2023-09-17,Regular
USR-000249,Usyi Rahmawati,2025-08-08,Regular
USR-000250,Dt. Saadat Wibisono,2024-04-07,Regular
USR-000251,Paulin Kusmawati,2025-07-09,Regular
USR-000252,Jaswadi Salahudin,2025-09-25,VIP
USR-000253,Zulaikha Firmansyah,2023-08-20,Regular
USR-000254,Drs. Wirda Pertiwi,2025-06-07,Regular
USR-000255,R. Devi Hassanah,2026-03-07,Regular
USR-000256,Danuja Nababan,2024-01-13,Regular
USR-000257,Indra Hutapea,2023-11-02,VIP
USR-000258,Farah Utami,2026-03-16,Regular
USR-000259,"Ir. Hana Simanjuntak, S.Pt",2023-12-05,VIP
USR-000260,Puti Widodo,2023-09-02,Regular
USR-000261,Zamira Saefullah,2025-08-24,Regular
USR-000262,Amalia Oktaviani,2025-07-05,Regular
USR-000263,KH. Hari Kusumo,2025-10-18,Regular
USR-000264,Cakrajiya Purnawati,2025-01-22,Regular
USR-000265,Puti Cici Pratiwi,2025-10-19,Regular
USR-000266,"T. Taswir Nasyiah, S.I.Kom",2023-09-23,Regular
USR-000267,Kiandra Yolanda,2025-01-17,Regular
USR-000268,Ir. Nabila Firgantoro,2025-05-13,Regular
USR-000269,Latika Megantara,2024-01-12,VIP
USR-000270,Hj. Talia Wacana,2025-12-05,VIP
USR-000271,Julia Prakasa,2023-06-19,Regular
USR-000272,"Nabila Santoso, S.I.Kom",2023-07-05,Regular
USR-000273,Yuliana Sihombing,2023-05-21,VIP
USR-000274,Zaenab Lestari,2024-08-15,Regular
USR-000275,"Baktiadi Pradana, S.E.I",2026-04-05,Regular
USR-000276,"Maimunah Sinaga, S.T.",2024-07-29,VIP
USR-000277,Hj. Clara Nainggolan,2025-01-26,Regular
USR-000278,Vino Wasita,2025-03-06,Regular
USR-000279,"Dr. Taswir Wahyudin, S.Gz",2025-05-11,Regular
USR-000280,"R.M. Atmaja Saragih, M.TI.",2025-06-28,Regular
USR-000281,Purwadi Novitasari,2025-01-05,Regular
USR-000282,Cawuk Nababan,2025-09-19,Regular
USR-000283,"Cut Hilda Firmansyah, M.M.",2024-02-25,Regular
USR-000284,Tiara Napitupulu,2023-07-07,Regular
USR-000285,Yuni Hariyah,2024-06-18,Regular
USR-000286,Siska Maheswara,2025-06-12,Regular
USR-000287,Dimas Wahyudin,2026-03-13,VIP
USR-000288,Dr. Elma Kusmawati,2025-05-18,Regular
USR-000289,Tgk. Gangsar Marpaung,2025-10-17,VIP
USR-000290,"Yance Iswahyudi, S.Pd",2024-05-25,Regular
USR-000291,Alika Marpaung,2023-06-01,Regular
USR-000292,"Sutan Sabri Prasetya, S.H.",2025-09-24,Regular
USR-000293,Embuh Yulianti,2026-03-07,Regular
USR-000294,Dt. Saka Zulaika,2025-01-15,Regular
USR-000295,Diah Yuliarti,2023-05-03,Regular
USR-000296,Cut Genta Ramadan,2024-01-14,Regular
USR-000297,"T. Narji Yuniar, S.T.",2025-11-20,VIP
USR-000298,Zulaikha Tampubolon,2025-02-06,Regular
USR-000299,Gasti Hastuti,2025-04-02,VIP
USR-000300,"Karma Oktaviani, S.Sos",2024-08-01,Regular
USR-000301,Adiarja Melani,2025-10-13,Regular
USR-000302,"dr. Putri Yuliarti, M.Ak",2026-02-11,VIP
USR-000303,Ifa Kurniawan,2025-11-21,Regular
USR-000304,Gandi Saefullah,2025-05-07,Regular
USR-000305,Zelda Saefullah,2026-01-09,Regular
USR-000306,"Narji Yulianti, S.Pd",2024-05-29,Regular
USR-000307,Kariman Permadi,2024-02-06,Regular
USR-000308,"KH. Rusman Rahimah, S.Sos",2023-07-17,Regular
USR-000309,Sabrina Mandala,2026-02-09,Regular
USR-000310,"Jamal Sihombing, S.T.",2023-05-29,Regular
USR-000311,Kayla Firgantoro,2025-01-29,Regular
USR-000312,"Queen Nainggolan, S.Psi",2025-10-11,Regular
USR-000313,"Kasusra Uyainah, M.Kom.",2024-03-30,Regular
USR-000314,Ophelia Salahudin,2026-02-26,VIP
USR-000315,"Hj. Puti Najmudin, S.Pd",2024-01-09,VIP
USR-000316,Dian Rajata,2023-09-18,Regular
USR-000317,"R.M. Warsita Zulaika, S.Psi",2025-09-04,Regular
USR-000318,Darman Thamrin,2026-01-30,VIP
USR-000319,"Ina Andriani, S.Psi",2024-03-31,Regular
USR-000320,Restu Sihombing,2024-11-17,VIP
USR-000321,"Puti Nadine Habibi, M.Farm",2025-04-09,Regular
USR-000322,Puti Nadine Nababan,2025-10-07,VIP
USR-000323,Taswir Zulaika,2025-06-05,Regular
USR-000324,T. Hendri Habibi,2024-12-02,VIP
USR-000325,Daliono Siregar,2023-12-10,Regular
USR-000326,Dr. Dinda Sihotang,2025-01-14,Regular
USR-000327,"R. Jinawi Sitorus, S.E.",2024-01-25,VIP
USR-000328,"Asmianto Ardianto, M.M.",2024-08-18,Regular
USR-000329,Prabawa Narpati,2024-06-17,VIP
USR-000330,"R.M. Jindra Irawan, S.E.I",2025-10-01,VIP
USR-000331,Siska Aryani,2025-11-29,Regular
USR-000332,Natalia Winarno,2025-01-05,VIP
USR-000333,Kasusra Pangestu,2023-04-27,VIP
USR-000334,Tri Sinaga,2024-11-19,Regular
USR-000335,Ajiman Wastuti,2025-07-22,Regular
USR-000336,"Oskar Prayoga, S.H.",2023-04-26,Regular
USR-000337,Ira Mustofa,2026-04-01,Regular
USR-000338,Olivia Rahmawati,2023-09-26,Regular
USR-000339,Atmaja Gunawan,2024-08-07,Regular
USR-000340,Mutia Nurdiyanti,2024-07-26,Regular
USR-000341,Tgk. Ibrahim Mansur,2025-11-01,Regular
USR-000342,Kani Nainggolan,2024-10-03,Regular
USR-000343,"dr. Ajiman Pradana, S.H.",2024-01-01,Regular
USR-000344,Oskar Damanik,2023-11-09,Regular
USR-000345,R.M. Bancar Utama,2025-10-22,VIP
USR-000346,"Dt. Harimurti Uyainah, S.T.",2026-01-24,VIP
USR-000347,Cut Rina Hardiansyah,2025-07-28,Regular
USR-000348,Martani Damanik,2026-02-11,Regular
USR-000349,"Calista Agustina, M.M.",2023-07-03,VIP
USR-000350,Kuncara Ramadan,2024-11-30,Regular
USR-000351,"Eva Putra, S.Ked",2025-04-25,VIP
USR-000352,Salimah Januar,2024-07-30,Regular
USR-000353,T. Luthfi Sudiati,2026-02-12,VIP
USR-000354,Hari Jailani,2026-04-12,Regular
USR-000355,"Raina Lazuardi, S.Pd",2025-06-22,Regular
USR-000356,"R. Jamal Napitupulu, M.Ak",2023-10-14,Regular
USR-000357,"T. Radika Nurdiyanti, S.Kom",2024-02-24,Regular
USR-000358,"Laila Sihombing, S.E.",2024-10-27,Regular
USR-000359,drg. Viktor Pranowo,2023-06-20,Regular
USR-000360,Julia Prakasa,2026-03-24,Regular
USR-000361,Mumpuni Irawan,2023-04-24,Regular
USR-000362,"Ir. Salsabila Lailasari, S.E.I",2023-10-08,VIP
USR-000363,"Dr. Bahuraksa Januar, S.T.",2023-09-06,Regular
USR-000364,Jaga Sihombing,2026-01-14,VIP
USR-000365,Alika Januar,2024-06-03,Regular
USR-000366,"Cut Zulaikha Siregar, S.I.Kom",2024-01-16,Regular
USR-000367,Maria Latupono,2026-03-06,Regular
USR-000368,"Cut Ajeng Mandala, S.E.",2023-09-14,Regular
USR-000369,Maida Oktaviani,2024-09-11,Regular
USR-000370,"Cornelia Wahyudin, S.Psi",2024-06-09,Regular
USR-000371,Himawan Wacana,2024-01-29,Regular
USR-000372,Zahra Winarno,2025-03-29,Regular
USR-000373,"Dr. Wirda Andriani, S.E.",2026-03-26,Regular
USR-000374,Mursinin Halim,2023-10-12,Regular
USR-000375,Hamzah Rahayu,2023-12-23,Regular
USR-000376,"Drs. Mustika Farida, S.E.",2025-05-08,Regular
USR-000377,Victoria Tamba,2025-11-24,VIP
USR-000378,Setya Mustofa,2025-11-24,Regular
USR-000379,Carla Zulkarnain,2025-05-09,Regular
USR-000380,Atma Rajata,2025-03-04,VIP
USR-000381,Amalia Wastuti,2026-01-31,Regular
USR-000382,"H. Koko Pratiwi, S.H.",2025-07-13,VIP
USR-000383,"dr. Padma Nurdiyanti, M.Ak",2026-02-23,Regular
USR-000384,Salimah Prayoga,2023-09-14,Regular
USR-000385,Salimah Wastuti,2025-05-07,Regular
USR-000386,Eka Puspita,2026-01-10,VIP
USR-000387,Adikara Yuniar,2025-11-27,Regular
USR-000388,drg. Simon Lailasari,2023-12-19,Regular
USR-000389,Pardi Lestari,2024-01-01,Regular
USR-000390,Gamblang Setiawan,2024-08-30,Regular
USR-000391,Sutan Kunthara Yuniar,2023-07-07,Regular
USR-000392,Yuliana Prakasa,2024-11-28,Regular
USR-000393,Maimunah Pertiwi,2023-08-20,Regular
USR-000394,Sabri Mandasari,2025-03-16,Regular
USR-000395,Devi Mandasari,2025-03-14,Regular
USR-000396,Baktiono Waskita,2026-01-28,Regular
USR-000397,Kalim Pudjiastuti,2025-01-19,Regular
USR-000398,"Puti Widya Suartini, M.Ak",2023-04-20,VIP
USR-000399,Oni Purwanti,2026-01-04,VIP
USR-000400,"Mumpuni Hasanah, S.Psi",2024-03-06,Regular
USR-000401,"Cut Yuliana Prasetyo, M.M.",2024-11-04,Regular
USR-000402,KH. Lukman Rahimah,2024-09-16,Regular
USR-000403,"Sakura Utama, M.M.",2025-04-23,Regular
USR-000404,Prabu Wahyuni,2023-10-14,Regular
USR-000405,Ganep Thamrin,2024-03-29,Regular
USR-000406,"T. Kuncara Nurdiyanti, S.I.Kom",2025-12-29,VIP
USR-000407,Arsipatra Marbun,2026-04-14,Regular
USR-000408,Rizki Wasita,2025-05-23,Regular
USR-000409,Rahmi Napitupulu,2023-10-03,Regular
USR-000410,Wadi Wijaya,2024-02-05,Regular
USR-000411,Yunita Nainggolan,2024-03-19,Regular
USR-000412,Praba Agustina,2024-09-25,VIP
USR-000413,"Raihan Wulandari, M.Farm",2023-07-01,Regular
USR-000414,"drg. Jagapati Wahyuni, M.Farm",2023-10-28,Regular
USR-000415,Yoga Mandasari,2025-06-11,Regular
USR-000416,H. Asirwada Puspasari,2023-04-26,Regular
USR-000417,"Ir. Novi Melani, S.E.",2025-02-20,Regular
USR-000418,R. Uchita Mahendra,2026-03-29,Regular
USR-000419,Sakura Rahimah,2023-09-27,VIP
USR-000420,Ophelia Winarno,2025-11-16,Regular
USR-000421,R.A. Ika Widodo,2025-01-29,VIP
USR-000422,Mila Mansur,2024-10-03,Regular
USR-000423,Rahmi Mulyani,2023-11-20,Regular
USR-000424,"Drs. Zelda Sihotang, M.Pd",2024-07-27,Regular
USR-000425,Daliono Pranowo,2025-12-27,Regular
USR-000426,"Icha Situmorang, S.E.I",2025-12-14,Regular
USR-000427,Jefri Namaga,2026-01-23,Regular
USR-000428,"Gaman Latupono, S.I.Kom",2026-04-02,VIP
USR-000429,Restu Pertiwi,2025-09-09,Regular
USR-000430,"Lidya Wulandari, M.Pd",2026-02-19,Regular
USR-000431,"drg. Yani Budiman, M.TI.",2024-07-07,Regular
USR-000432,Harjaya Maulana,2023-10-02,Regular
USR-000433,"Asman Pangestu, S.T.",2023-07-11,Regular
USR-000434,Sabrina Ramadan,2023-12-26,Regular
USR-000435,"Cut Shakila Sihombing, S.Kom",2023-12-03,Regular
USR-000436,Gatot Hartati,2025-08-07,Regular
USR-000437,Hj. Ulya Purwanti,2023-09-26,VIP
USR-000438,"Septi Purwanti, S.Sos",2024-04-02,VIP
USR-000439,KH. Raden Suwarno,2024-04-23,Regular
USR-000440,"Asirwada Wibowo, S.Sos",2026-03-31,Regular
USR-000441,"Ir. Galar Puspasari, S.Gz",2025-01-26,Regular
USR-000442,"Hafshah Pangestu, M.Ak",2023-05-10,Regular
USR-000443,"R.A. Siska Yuliarti, S.I.Kom",2025-03-08,Regular
USR-000444,H. Luhung Napitupulu,2025-10-20,Regular
USR-000445,Melinda Nugroho,2024-02-14,Regular
USR-000446,Cengkir Natsir,2026-03-15,Regular
USR-000447,Harja Gunarto,2025-06-26,Regular
USR-000448,Puti Saptono,2025-02-13,Regular
USR-000449,Lanang Rajasa,2023-11-08,Regular
USR-000450,Nadia Mangunsong,2023-04-28,Regular
USR-000451,Wisnu Sinaga,2023-06-21,Regular
USR-000452,Prayitna Utami,2025-11-02,VIP
USR-000453,"Hj. Ilsa Lestari, M.Farm",2025-12-01,VIP
USR-000454,Belinda Simanjuntak,2025-08-21,Regular
USR-000455,Yahya Nashiruddin,2025-07-14,Regular
USR-000456,Panji Mayasari,2025-07-06,Regular
USR-000457,Puji Nasyiah,2023-12-23,Regular
USR-000458,Gantar Prasetya,2025-01-05,VIP
USR-000459,"Gamblang Sitompul, S.I.Kom",2024-03-16,Regular
USR-000460,Wasis Safitri,2024-07-19,VIP
USR-000461,Putri Yulianti,2025-07-22,VIP
USR-000462,Mulyono Situmorang,2023-05-03,Regular
USR-000463,Utama Yuniar,2025-03-12,Regular
USR-000464,R.A. Azalea Zulaika,2025-11-28,Regular
USR-000465,Wulan Latupono,2024-08-30,Regular
USR-000466,Puput Suryono,2024-12-09,Regular
USR-000467,KH. Hardi Mulyani,2023-05-28,Regular
USR-000468,Nova Gunawan,2025-06-18,Regular
USR-000469,"Dadi Sinaga, M.TI.",2024-07-23,Regular
USR-000470,Caturangga Nasyiah,2023-08-25,Regular
USR-000471,Luis Haryanto,2025-07-26,Regular
USR-000472,"Lasmono Prabowo, S.Farm",2024-03-12,Regular
USR-000473,Kawaya Fujiati,2023-09-28,VIP
USR-000474,"Puti Ulva Mangunsong, S.Ked",2026-01-18,Regular
USR-000475,"Julia Firgantoro, S.Pt",2025-04-02,Regular
USR-000476,Cemani Ramadan,2023-08-11,Regular
USR-000477,Kamal Pradana,2025-09-02,Regular
USR-000478,Kayla Hartati,2024-05-25,VIP
USR-000479,Mala Sihotang,2025-12-24,Regular
USR-000480,Samiah Lazuardi,2023-05-16,VIP
USR-000481,Maras Safitri,2025-07-28,Regular
USR-000482,"H. Lanang Gunawan, S.Pt",2023-07-27,Regular
USR-000483,R. Elvin Sihombing,2024-10-26,Regular
USR-000484,Eko Farida,2025-11-17,Regular
USR-000485,Yuni Wijayanti,2024-12-02,Regular
USR-000486,Endah Nasyidah,2023-06-06,VIP
USR-000487,Pangeran Wijaya,2024-03-26,Regular
USR-000488,Siska Megantara,2025-08-14,VIP
USR-000489,"Tirta Yuliarti, S.I.Kom",2024-07-26,VIP
USR-000490,Dr. Caket Maheswara,2023-05-07,Regular
USR-000491,Kemal Riyanti,2023-06-23,Regular
USR-000492,Dr. Warsita Hutasoit,2024-12-22,Regular
USR-000493,Pangestu Situmorang,2024-08-05,Regular
USR-000494,Septi Mulyani,2024-03-13,Regular
USR-000495,Cengkal Prasetya,2023-11-27,Regular
USR-000496,"Tgk. Febi Latupono, S.E.",2025-12-03,VIP
USR-000497,"Drs. Simon Habibi, M.Pd",2026-02-25,Regular
USR-000498,"Kunthara Hidayanto, S.Pd",2025-04-05,Regular
USR-000499,Dwi Januar,2026-02-26,VIP
USR-000500,"Ratna Laksita, S.Psi",2024-02-20,Regular
USR-000501,Mumpuni Yolanda,2024-10-25,VIP
USR-000502,Edi Safitri,2024-04-18,Regular
USR-000503,Galiono Laksita,2023-08-06,VIP
USR-000504,Raisa Wahyuni,2025-03-20,Regular
USR-000505,"Restu Mangunsong, M.Farm",2024-08-06,Regular
USR-000506,Yani Sihotang,2025-09-16,Regular
USR-000507,Adhiarja Sihotang,2025-02-13,VIP
USR-000508,"Sutan Narji Yuniar, S.Farm",2024-05-06,Regular
USR-000509,"dr. Diana Wastuti, S.Psi",2024-06-22,Regular
USR-000510,Melinda Tamba,2025-05-04,Regular
USR-000511,Puspa Kurniawan,2024-08-06,VIP
USR-000512,"Luluh Hutapea, S.T.",2024-01-18,VIP
USR-000513,Sutan Eluh Utami,2023-11-23,VIP
USR-000514,"Citra Budiyanto, M.TI.",2023-08-16,Regular
USR-000515,Rahmat Prastuti,2025-12-26,Regular
USR-000516,Vivi Rahayu,2025-10-05,Regular
USR-000517,Kusuma Rajata,2024-03-15,Regular
USR-000518,drg. Martani Maryadi,2025-08-11,VIP
USR-000519,Genta Rahmawati,2024-11-08,Regular
USR-000520,Jaiman Mardhiyah,2024-07-15,Regular
USR-000521,Hasta Utama,2025-06-20,VIP
USR-000522,Mujur Permadi,2025-06-08,Regular
USR-000523,"Catur Mulyani, S.E.I",2025-11-28,VIP
USR-000524,Cemani Pratiwi,2025-03-13,VIP
USR-000525,"Teddy Maulana, M.Kom.",2025-09-14,Regular
USR-000526,Darmaji Laksita,2024-10-28,VIP
USR-000527,Eman Uwais,2024-04-14,Regular
USR-000528,Mulyono Putra,2024-04-17,Regular
USR-000529,"Tgk. Harsanto Halimah, M.M.",2025-07-02,Regular
USR-000530,Martaka Sinaga,2023-07-01,Regular
USR-000531,"Putri Usada, S.T.",2023-09-27,Regular
USR-000532,Drs. Qori Natsir,2024-06-02,Regular
USR-000533,"Harja Utama, M.Farm",2024-11-25,Regular
USR-000534,"Puti Padma Ramadan, S.Sos",2026-01-28,Regular
USR-000535,dr. Garan Situmorang,2024-03-31,Regular
USR-000536,"drg. Tirta Suartini, S.Ked",2025-05-15,VIP
USR-000537,Irnanto Marbun,2025-06-07,Regular
USR-000538,Kamidin Yuniar,2024-04-11,Regular
USR-000539,Cakrawala Nashiruddin,2024-06-29,Regular
USR-000540,Rahmi Lazuardi,2023-12-20,Regular
USR-000541,Heryanto Sitompul,2026-02-09,Regular
USR-000542,Samiah Kuswandari,2023-10-13,Regular
USR-000543,Lantar Marpaung,2025-05-03,VIP
USR-000544,"drg. Ayu Prasasta, S.Gz",2026-01-19,VIP
USR-000545,Ir. Elisa Mansur,2023-11-04,Regular
USR-000546,Dt. Tri Pertiwi,2025-12-22,Regular
USR-000547,Caturangga Rajata,2023-12-04,Regular
USR-000548,dr. Liman Pratiwi,2024-01-24,VIP
USR-000549,Tomi Wijayanti,2026-01-04,Regular
USR-000550,Darijan Hassanah,2024-07-03,Regular
USR-000551,Novi Narpati,2025-11-17,Regular
USR-000552,"drg. Rahayu Megantara, M.Farm",2024-03-25,VIP
USR-000553,Hj. Oni Saptono,2024-01-27,VIP
USR-000554,"Silvia Siregar, M.M.",2024-01-05,Regular
USR-000555,Puti Ghaliyati Waluyo,2025-11-01,VIP
USR-000556,Balangga Budiyanto,2024-12-08,Regular
USR-000557,Dr. Mahdi Andriani,2024-02-28,Regular
USR-000558,Puti Elma Kusmawati,2023-12-08,VIP
USR-000559,Cut Violet Nasyidah,2025-11-29,VIP
USR-000560,"R. Bakiman Laksmiwati, S.E.I",2025-06-09,Regular
USR-000561,Dt. Usman Wastuti,2025-11-12,VIP
USR-000562,Putri Andriani,2026-01-22,VIP
USR-000563,"Cut Tami Nuraini, S.Farm",2024-11-15,Regular
USR-000564,"drg. Paiman Wibowo, S.I.Kom",2024-04-10,Regular
USR-000565,"H. Umaya Permata, S.IP",2025-10-21,Regular
USR-000566,Dodo Kuswandari,2025-02-08,Regular
USR-000567,"Puti Intan Rahimah, M.Pd",2024-04-15,Regular
USR-000568,Fitriani Ardianto,2025-01-13,VIP
USR-000569,Drs. Devi Nurdiyanti,2023-05-01,VIP
USR-000570,Safina Putra,2023-05-01,VIP
USR-000571,"Tgk. Hasan Tarihoran, S.IP",2026-03-23,VIP
USR-000572,Sadina Padmasari,2023-12-16,Regular
USR-000573,Zulaikha Nasyiah,2024-05-18,Regular
USR-000574,dr. Rahmi Saefullah,2025-02-05,VIP
USR-000575,Usyi Putra,2026-03-12,Regular
USR-000576,KH. Kalim Laksmiwati,2025-01-20,VIP
USR-000577,Putri Puspita,2024-01-22,Regular
USR-000578,Ina Permata,2025-05-10,Regular
USR-000579,"H. Hasta Mandala, S.IP",2024-10-05,VIP
USR-000580,Violet Marpaung,2024-04-10,Regular
USR-000581,Kacung Wacana,2023-09-22,VIP
USR-000582,"Dr. Luwes Habibi, S.E.",2024-09-26,VIP
USR-000583,"Adhiarja Iswahyudi, S.E.I",2024-12-14,VIP
USR-000584,drg. Clara Haryanto,2025-04-21,Regular
USR-000585,Hairyanto Hutapea,2024-06-01,VIP
USR-000586,Nyoman Winarno,2025-11-21,VIP
USR-000587,Hj. Putri Suwarno,2025-01-01,Regular
USR-000588,Warsita Natsir,2025-11-03,Regular
USR-000589,Maida Anggriawan,2026-01-08,Regular
USR-000590,"Hj. Wani Maryati, S.Pd",2024-02-27,Regular
USR-000591,Purwanto Rahimah,2024-02-16,Regular
USR-000592,H. Daru Susanti,2025-06-21,Regular
USR-000593,"Argono Tarihoran, S.H.",2024-01-08,Regular
USR-000594,Candrakanta Irawan,2026-01-31,Regular
USR-000595,"dr. Garan Winarsih, S.Sos",2024-06-21,VIP
USR-000596,R.A. Padma Budiman,2025-01-08,Regular
USR-000597,Vega Iswahyudi,2026-04-17,Regular
USR-000598,Tari Purwanti,2025-08-20,Regular
USR-000599,Jelita Saefullah,2025-10-11,Regular
USR-000600,R.A. Mutia Waskita,2024-04-05,Regular
USR-000601,Elon Natsir,2025-09-29,Regular
USR-000602,R. Kurnia Hidayanto,2025-01-11,Regular
USR-000603,Jasmin Latupono,2025-06-09,Regular
USR-000604,Paulin Permata,2025-06-25,Regular
USR-000605,"Maimunah Waluyo, M.Farm",2024-05-12,Regular
USR-000606,"Sutan Praba Sirait, M.M.",2025-05-10,Regular
USR-000607,Rini Dabukke,2026-03-13,VIP
USR-000608,Eka Hidayat,2025-05-07,Regular
USR-000609,"Pandu Prasetya, S.H.",2024-12-04,Regular
USR-000610,Kamila Maryati,2024-08-22,Regular
USR-000611,Naradi Saptono,2025-07-30,Regular
USR-000612,Cornelia Wacana,2024-05-09,VIP
USR-000613,"Yuni Siregar, S.Pt",2026-03-01,Regular
USR-000614,Jaswadi Sihotang,2025-08-28,Regular
USR-000615,Tugiman Pertiwi,2024-10-20,Regular
USR-000616,Warsita Zulaika,2024-06-10,Regular
USR-000617,Unjani Pangestu,2024-02-09,VIP
USR-000618,"Halima Saptono, S.Kom",2024-04-18,VIP
USR-000619,Rafid Prayoga,2024-04-10,Regular
USR-000620,Eva Kurniawan,2025-12-05,Regular
USR-000621,Murti Wijayanti,2023-10-23,Regular
USR-000622,Cut Vanesa Namaga,2025-05-24,Regular
USR-000623,"Dr. Kasiyah Safitri, S.Psi",2023-06-24,Regular
USR-000624,Tgk. Nurul Najmudin,2025-05-23,Regular
USR-000625,Lala Prasetya,2025-06-22,Regular
USR-000626,Asmadi Novitasari,2025-10-01,Regular
USR-000627,Puput Firmansyah,2025-02-05,Regular
USR-000628,Kania Natsir,2025-06-08,VIP
USR-000629,Nalar Maryati,2025-03-30,Regular
USR-000630,Shakila Anggriawan,2025-04-03,Regular
USR-000631,"Danu Wibowo, M.Farm",2023-05-08,Regular
USR-000632,Karen Suryatmi,2023-09-23,VIP
USR-000633,Kuncara Saptono,2024-05-27,Regular
USR-000634,Nadine Suryatmi,2024-04-22,Regular
USR-000635,Fitria Mandasari,2024-10-03,Regular
USR-000636,Hari Wahyudin,2025-02-06,Regular
USR-000637,"drg. Indah Hartati, S.E.",2024-11-07,Regular
USR-000638,Kamal Pradana,2025-09-23,VIP
USR-000639,"Humaira Prakasa, M.Pd",2023-09-22,Regular
USR-000640,"drg. Faizah Maulana, S.E.I",2025-02-19,Regular
USR-000641,"Dt. Cecep Andriani, M.Kom.",2025-04-23,Regular
USR-000642,"Hj. Padma Nasyidah, S.Psi",2023-11-14,Regular
USR-000643,Hafshah Purwanti,2025-05-14,Regular
USR-000644,Hasta Januar,2025-09-18,Regular
USR-000645,Asmuni Pratama,2026-03-27,VIP
USR-000646,Zalindra Usamah,2024-05-19,Regular
USR-000647,Uli Sitorus,2023-09-16,VIP
USR-000648,Karen Purwanti,2024-05-27,VIP
USR-000649,"T. Gangsar Damanik, S.Farm",2025-09-02,Regular
USR-000650,Shania Sudiati,2023-10-25,Regular
USR-000651,Ir. Sadina Yulianti,2024-02-23,Regular
USR-000652,Purwadi Suryono,2025-08-03,Regular
USR-000653,Samiah Melani,2024-10-22,Regular
USR-000654,"H. Ivan Hutapea, S.Sos",2025-05-16,VIP
USR-000655,Malika Usamah,2025-11-28,VIP
USR-000656,"R. Suci Sirait, S.Farm",2023-12-01,Regular
USR-000657,Ir. Latika Hidayanto,2025-12-25,Regular
USR-000658,Gangsa Pradana,2023-08-20,Regular
USR-000659,Safina Siregar,2024-08-18,Regular
USR-000660,Hj. Lala Saputra,2024-06-08,Regular
USR-000661,"Tgk. Pangeran Rahmawati, M.TI.",2025-03-11,VIP
USR-000662,Eli Nashiruddin,2025-03-19,Regular
USR-000663,Ozy Prakasa,2023-05-25,Regular
USR-000664,Uli Hutapea,2026-02-11,Regular
USR-000665,Hasta Jailani,2024-03-12,Regular
USR-000666,Waluyo Kusmawati,2023-09-15,VIP
USR-000667,Akarsana Widodo,2025-08-18,Regular
USR-000668,"R. Bala Saptono, M.Ak",2025-07-11,Regular
USR-000669,Marwata Wibisono,2023-12-17,Regular
USR-000670,Dirja Suryono,2024-08-12,Regular
USR-000671,"Budi Mustofa, M.TI.",2025-03-08,VIP
USR-000672,Anom Wijayanti,2024-01-10,Regular
USR-000673,"dr. Zelaya Kusmawati, M.M.",2024-10-25,Regular
USR-000674,Pia Handayani,2025-08-06,Regular
USR-000675,"Puput Nugroho, M.Farm",2023-11-15,Regular
USR-000676,Siti Usada,2025-11-03,VIP
USR-000677,Paramita Uyainah,2025-09-12,VIP
USR-000678,T. Upik Situmorang,2026-01-07,Regular
USR-000679,Sutan Reksa Irawan,2025-05-07,Regular
USR-000680,Karimah Zulkarnain,2025-03-06,Regular
USR-000681,Gadang Anggriawan,2024-05-27,VIP
USR-000682,KH. Samsul Mansur,2023-04-20,Regular
USR-000683,Nadine Nasyidah,2024-10-05,Regular
USR-000684,"Nurul Kuswandari, S.Pd",2023-05-02,Regular
USR-000685,"dr. Raditya Siregar, M.Ak",2023-05-04,Regular
USR-000686,"Dt. Kuncara Wahyudin, S.Kom",2024-04-13,Regular
USR-000687,dr. Harto Prayoga,2025-01-18,Regular
USR-000688,"Unjani Yuliarti, S.Sos",2023-12-29,Regular
USR-000689,Eluh Hutapea,2024-11-27,VIP
USR-000690,"Digdaya Maryati, M.Ak",2025-02-03,VIP
USR-000691,"Empluk Suryono, M.Pd",2026-04-01,Regular
USR-000692,Fitriani Hidayat,2024-06-10,Regular
USR-000693,Elvin Kusumo,2024-01-28,Regular
USR-000694,Raina Hartati,2026-01-03,VIP
USR-000695,"Sarah Lestari, S.Kom",2024-06-15,Regular
USR-000696,Cakrawangsa Hardiansyah,2024-08-30,Regular
USR-000697,Cengkir Jailani,2025-07-29,Regular
USR-000698,Dian Farida,2024-07-01,Regular
USR-000699,Bakijan Maryadi,2023-05-02,VIP
USR-000700,Gasti Siregar,2023-05-12,Regular
USR-000701,Winda Mandasari,2025-01-31,Regular
USR-000702,Tami Firmansyah,2024-11-16,VIP
USR-000703,Saiful Maulana,2024-09-14,Regular
USR-000704,Vicky Wijaya,2023-07-16,Regular
USR-000705,drg. Cemeti Nababan,2023-08-08,Regular
USR-000706,"drg. Yance Budiman, S.IP",2024-05-12,Regular
USR-000707,Vera Handayani,2024-05-10,Regular
USR-000708,"Ami Napitupulu, M.M.",2024-05-07,Regular
USR-000709,Ir. Daniswara Kusmawati,2023-09-12,Regular
USR-000710,"Yono Saragih, S.Psi",2024-12-14,Regular
USR-000711,"Ozy Gunarto, M.Pd",2023-12-22,Regular
USR-000712,Dono Laksmiwati,2025-07-07,Regular
USR-000713,Faizah Tarihoran,2026-01-05,Regular
USR-000714,"Hj. Gasti Kusumo, S.H.",2023-07-09,Regular
USR-000715,Jane Budiman,2025-12-28,VIP
USR-000716,"T. Lanang Lazuardi, S.Sos",2024-01-04,Regular
USR-000717,Artanto Prastuti,2024-05-01,Regular
USR-000718,Shakila Riyanti,2026-03-28,Regular
USR-000719,Vera Irawan,2023-12-16,VIP
USR-000720,Jamil Iswahyudi,2024-05-10,Regular
USR-000721,dr. Vanya Utami,2026-03-20,Regular
USR-000722,Garda Yuliarti,2023-07-22,VIP
USR-000723,"Paulin Kurniawan, S.E.I",2023-12-15,Regular
USR-000724,Galiono Puspita,2025-05-16,Regular
USR-000725,"Tgk. Reksa Farida, S.Kom",2026-01-15,Regular
USR-000726,"Keisha Tamba, S.E.I",2023-05-23,Regular
USR-000727,Jayeng Farida,2024-05-13,VIP
USR-000728,Puput Lestari,2025-09-04,Regular
USR-000729,R. Puji Tampubolon,2024-02-08,Regular
USR-000730,"Nadia Saefullah, M.Ak",2024-09-03,Regular
USR-000731,Bagiya Nuraini,2025-08-28,Regular
USR-000732,Ida Saptono,2023-12-16,VIP
USR-000733,Mutia Adriansyah,2025-08-08,Regular
USR-000734,dr. Oskar Nashiruddin,2026-01-05,Regular
USR-000735,dr. Vicky Safitri,2023-05-19,VIP
USR-000736,Tantri Haryanto,2024-04-24,VIP
USR-000737,dr. Dadap Novitasari,2026-02-05,Regular
USR-000738,Vivi Puspasari,2026-03-16,Regular
USR-000739,Tgk. Janet Wasita,2023-12-15,Regular
USR-000740,Carla Kuswoyo,2026-01-09,Regular
USR-000741,"Bagas Gunawan, S.E.I",2025-07-10,VIP
USR-000742,"Cut Farah Kurniawan, M.Kom.",2024-01-22,Regular
USR-000743,Anggabaya Pertiwi,2024-02-11,Regular
USR-000744,"drg. Sakura Lestari, M.TI.",2026-01-10,Regular
USR-000745,"Rika Rajasa, S.Gz",2025-12-14,VIP
USR-000746,Luluh Hidayanto,2024-11-09,Regular
USR-000747,Marwata Lestari,2023-05-10,VIP
USR-000748,Wani Uyainah,2023-08-22,Regular
USR-000749,Puti Agustina,2023-07-23,VIP
USR-000750,"H. Asmianto Susanti, S.T.",2024-11-13,Regular
USR-000751,Oskar Hidayanto,2025-07-19,Regular
USR-000752,Warsa Pratama,2024-08-04,Regular
USR-000753,Baktianto Pradipta,2025-07-04,Regular
USR-000754,Fitriani Nababan,2025-07-23,VIP
USR-000755,"Drajat Purnawati, S.E.",2025-07-15,Regular
USR-000756,"Puti Agustina, S.IP",2025-09-03,VIP
USR-000757,dr. Samiah Haryanti,2026-01-06,Regular
USR-000758,"Irsad Jailani, S.E.",2026-04-15,Regular
USR-000759,dr. Johan Sirait,2024-01-25,Regular
USR-000760,Kasusra Rahimah,2026-02-04,Regular
USR-000761,Iriana Pudjiastuti,2025-03-08,Regular
USR-000762,"dr. Laras Usada, S.Farm",2024-09-05,Regular
USR-000763,R.A. Padmi Palastri,2024-09-03,Regular
USR-000764,Vivi Pudjiastuti,2024-03-17,Regular
USR-000765,Mila Hassanah,2024-05-18,VIP
USR-000766,Olga Firmansyah,2024-12-26,VIP
USR-000767,Cut Padma Mansur,2024-07-04,VIP
USR-000768,Eja Prasetya,2024-07-31,Regular
USR-000769,"dr. Ayu Saefullah, M.Pd",2024-03-18,Regular
USR-000770,Drs. Wira Pertiwi,2025-06-22,Regular
USR-000771,Aris Haryanti,2023-12-16,Regular
USR-000772,Cahyo Saptono,2024-10-23,Regular
USR-000773,R.A. Gina Rajasa,2024-11-10,VIP
USR-000774,Kenzie Wacana,2024-07-29,Regular
USR-000775,Oskar Hutagalung,2025-09-20,Regular
USR-000776,"drg. Cawuk Laksita, M.Farm",2024-09-05,Regular
USR-000777,Hj. Ifa Firgantoro,2023-09-15,VIP
USR-000778,Cindy Hakim,2025-10-01,VIP
USR-000779,Yuliana Fujiati,2024-09-20,VIP
USR-000780,"Puti Vera Pradana, M.Ak",2025-01-26,Regular
USR-000781,"Prayogo Usamah, S.Sos",2023-05-07,Regular
USR-000782,Paramita Gunarto,2023-07-13,VIP
USR-000783,Drs. Cakrawala Simbolon,2024-08-28,Regular
USR-000784,"Gawati Mangunsong, S.Gz",2025-06-08,VIP
USR-000785,"Kania Hassanah, M.Ak",2026-03-01,Regular
USR-000786,R. Darman Astuti,2025-09-29,Regular
USR-000787,"dr. Cakrajiya Mustofa, S.Psi",2024-07-13,Regular
USR-000788,Queen Hardiansyah,2023-08-26,Regular
USR-000789,Hani Hutasoit,2025-08-18,Regular
USR-000790,dr. Prayitna Mustofa,2024-12-29,Regular
USR-000791,Putri Napitupulu,2023-11-15,VIP
USR-000792,Sadina Pertiwi,2025-05-16,Regular
USR-000793,Drs. Oman Novitasari,2024-02-18,Regular
USR-000794,Bagus Santoso,2024-05-06,Regular
USR-000795,Silvia Permata,2025-02-16,Regular
USR-000796,Mumpuni Zulkarnain,2023-09-06,VIP
USR-000797,Kamaria Nainggolan,2025-02-05,Regular
USR-000798,Rina Yolanda,2024-08-30,VIP
USR-000799,"T. Cawisadi Tampubolon, M.Ak",2023-05-27,VIP
USR-000800,R. Maida Gunawan,2025-03-06,Regular
USR-000801,Mahdi Wahyudin,2024-04-16,Regular
USR-000802,"H. Simon Hutasoit, S.IP",2023-12-18,Regular
USR-000803,Warta Safitri,2023-07-13,Regular
USR-000804,"Tgk. Amalia Siregar, S.IP",2023-12-05,VIP
USR-000805,Nadine Damanik,2024-08-05,Regular
USR-000806,Okta Nasyiah,2024-09-16,VIP
USR-000807,Kenes Nurdiyanti,2024-03-14,Regular
USR-000808,drg. Luthfi Megantara,2024-05-25,Regular
USR-000809,"Salsabila Budiyanto, S.Sos",2026-04-03,Regular
USR-000810,"Karsa Gunawan, S.T.",2025-10-11,Regular
USR-000811,Edi Pangestu,2024-01-09,Regular
USR-000812,Tgk. Anastasia Hastuti,2026-04-06,Regular
USR-000813,Bagas Wibisono,2026-01-31,Regular
USR-000814,Salimah Wahyuni,2026-02-08,Regular
USR-000815,"Puti Anita Siregar, S.Sos",2024-10-30,Regular
USR-000816,Oni Januar,2024-04-13,Regular
USR-000817,Zelaya Riyanti,2024-08-22,Regular
USR-000818,Cengkir Napitupulu,2025-07-23,VIP
USR-000819,Putri Damanik,2025-06-05,VIP
USR-000820,Virman Nuraini,2023-06-20,Regular
USR-000821,Nurul Wijaya,2024-08-05,VIP
USR-000822,Ganjaran Thamrin,2023-12-19,Regular
USR-000823,"Gada Prakasa, M.TI.",2024-10-23,Regular
USR-000824,"Dt. Luis Rajasa, S.Sos",2024-06-21,Regular
USR-000825,T. Darmanto Maryadi,2023-06-04,VIP
USR-000826,Sakura Mandala,2024-10-01,Regular
USR-000827,"Kezia Nurdiyanti, M.Ak",2023-09-03,VIP
USR-000828,"Darsirah Agustina, S.H.",2025-12-16,Regular
USR-000829,Irsad Saragih,2025-09-25,Regular
USR-000830,Melinda Namaga,2025-11-15,Regular
USR-000831,Martani Mandala,2023-11-10,Regular
USR-000832,Ir. Raharja Pangestu,2025-10-08,Regular
USR-000833,Shakila Novitasari,2023-11-20,Regular
USR-000834,Vera Maulana,2023-11-16,VIP
USR-000835,R. Jamalia Hidayat,2026-02-02,Regular
USR-000836,H. Banara Nashiruddin,2025-09-01,Regular
USR-000837,"R. Titi Dabukke, S.Psi",2024-08-25,VIP
USR-000838,Ilsa Handayani,2025-01-22,Regular
USR-000839,"Ika Maryadi, S.Kom",2026-01-03,VIP
USR-000840,Cengkal Dongoran,2023-10-02,Regular
USR-000841,Tgk. Rachel Purnawati,2025-11-25,Regular
USR-000842,Lembah Pradipta,2025-11-26,Regular
USR-000843,"Akarsana Tamba, S.Pt",2024-04-12,Regular
USR-000844,"drg. Cahyanto Mardhiyah, M.Ak",2026-03-23,VIP
USR-000845,"Sadina Wahyudin, S.E.",2025-04-17,Regular
USR-000846,Nabila Mandala,2024-12-11,Regular
USR-000847,Darmanto Firmansyah,2023-12-30,VIP
USR-000848,"Dt. Wahyu Saputra, S.Farm",2025-01-13,Regular
USR-000849,"Salsabila Pangestu, S.Kom",2024-03-30,Regular
USR-000850,Wira Farida,2023-07-31,Regular
USR-000851,Shakila Simbolon,2025-12-03,VIP
USR-000852,Irsad Waskita,2025-03-30,Regular
USR-000853,drg. Tantri Sihotang,2023-06-23,VIP
USR-000854,Ir. Rina Nasyiah,2024-12-22,VIP
USR-000855,"Taufik Firgantoro, M.TI.",2025-07-13,Regular
USR-000856,Mutia Gunarto,2023-10-06,Regular
USR-000857,Dr. Harto Gunarto,2024-05-05,Regular
USR-000858,Padma Usamah,2025-09-02,Regular
USR-000859,Erik Farida,2023-07-05,VIP
USR-000860,Vicky Suwarno,2024-12-28,Regular
USR-000861,Indra Sihombing,2025-04-05,Regular
USR-000862,Muhammad Maryati,2025-11-27,VIP
USR-000863,Yance Yuliarti,2023-11-26,Regular
USR-000864,Najam Mardhiyah,2025-03-21,Regular
USR-000865,Prayogo Padmasari,2023-10-12,Regular
USR-000866,R.M. Hartana Zulkarnain,2026-04-05,Regular
USR-000867,Aisyah Nugroho,2024-09-03,VIP
USR-000868,R.A. Mutia Iswahyudi,2025-03-24,Regular
USR-000869,Talia Yulianti,2024-05-12,Regular
USR-000870,"Uchita Maheswara, S.Pt",2023-12-30,VIP
USR-000871,"Mila Usada, S.I.Kom",2023-10-14,Regular
USR-000872,H. Harjo Melani,2023-08-30,VIP
USR-000873,Harja Pudjiastuti,2025-11-25,Regular
USR-000874,Pranawa Narpati,2024-12-01,Regular
USR-000875,Hj. Zelda Maryadi,2024-09-21,VIP
USR-000876,"R. Elma Habibi, S.Farm",2023-12-27,Regular
USR-000877,Titi Hassanah,2024-08-10,VIP
USR-000878,"Cemeti Lazuardi, S.E.I",2024-07-11,VIP
USR-000879,Luthfi Ramadan,2024-02-29,Regular
USR-000880,Najwa Mandasari,2023-05-08,VIP
USR-000881,"Dt. Lulut Lailasari, S.H.",2025-08-11,Regular
USR-000882,Hj. Nabila Hasanah,2024-03-21,VIP
USR-000883,Cindy Rahimah,2025-01-16,Regular
USR-000884,Dipa Pudjiastuti,2025-11-07,Regular
USR-000885,Hj. Puti Pranowo,2024-06-25,Regular
USR-000886,Cakrajiya Hakim,2023-07-04,Regular
USR-000887,Ani Maulana,2026-01-28,Regular
USR-000888,"Koko Suartini, S.Pd",2023-06-09,Regular
USR-000889,Asirwanda Kurniawan,2024-09-15,VIP
USR-000890,Caraka Wulandari,2025-01-26,Regular
USR-000891,Hj. Talia Riyanti,2024-07-04,Regular
USR-000892,"Dr. Cecep Hasanah, M.Farm",2025-09-25,Regular
USR-000893,Bakiman Salahudin,2024-10-30,Regular
USR-000894,Kezia Hidayat,2024-09-02,Regular
USR-000895,"Drs. Bella Siregar, M.Kom.",2025-02-11,Regular
USR-000896,Marsito Saefullah,2023-11-15,Regular
USR-000897,dr. Karna Pranowo,2024-09-12,VIP
USR-000898,Luwar Hakim,2026-04-04,Regular
USR-000899,Hj. Paris Irawan,2023-10-06,Regular
USR-000900,"Shakila Suartini, S.Pd",2025-05-10,Regular
USR-000901,dr. Hana Novitasari,2025-02-11,Regular
USR-000902,dr. Diah Susanti,2025-09-29,Regular
USR-000903,Putri Usamah,2025-09-10,VIP
USR-000904,Yani Najmudin,2025-06-01,Regular
USR-000905,Nugraha Siregar,2025-11-21,VIP
USR-000906,Banara Dongoran,2024-02-14,Regular
USR-000907,"Raden Lazuardi, S.Kom",2025-04-11,Regular
USR-000908,Laras Gunawan,2025-11-30,Regular
USR-000909,Putri Uyainah,2024-09-19,Regular
USR-000910,Manah Pangestu,2024-03-14,Regular
USR-000911,Hamima Hidayat,2026-03-26,VIP
USR-000912,Ophelia Pudjiastuti,2024-08-10,Regular
USR-000913,"Dt. Balijan Sitorus, S.Psi",2024-09-04,Regular
USR-000914,"Qori Susanti, S.Ked",2024-12-25,Regular
USR-000915,Gamblang Sirait,2024-01-17,Regular
USR-000916,Nabila Firgantoro,2026-02-27,Regular
USR-000917,Jaya Mangunsong,2026-01-16,Regular
USR-000918,Zelaya Nasyiah,2025-12-19,Regular
USR-000919,Violet Zulkarnain,2024-09-21,VIP
USR-000920,"Drs. Ifa Pratiwi, S.Psi",2023-07-16,Regular
USR-000921,Dt. Daniswara Permata,2025-08-29,VIP
USR-000922,Wirda Thamrin,2026-03-19,Regular
USR-000923,Estiono Dabukke,2023-07-31,Regular
USR-000924,Sari Nasyidah,2024-09-27,Regular
USR-000925,Ir. Kayla Nashiruddin,2024-01-02,Regular
USR-000926,Saka Samosir,2025-10-30,Regular
USR-000927,"Ami Saputra, S.Farm",2024-08-20,Regular
USR-000928,Gilda Wahyudin,2023-09-01,Regular
USR-000929,"Tgk. Gasti Novitasari, S.Pd",2025-03-22,Regular
USR-000930,Hardi Firgantoro,2024-01-16,VIP
USR-000931,Ibun Mayasari,2024-02-27,Regular
USR-000932,"drg. Utama Mardhiyah, S.E.I",2023-05-28,VIP
USR-000933,Novi Novitasari,2024-02-09,VIP
USR-000934,"Tgk. Cakrabirawa Januar, M.TI.",2024-08-14,Regular
USR-000935,Danang Firgantoro,2026-03-06,VIP
USR-000936,Tania Nurdiyanti,2025-04-02,Regular
USR-000937,Galang Gunawan,2023-10-16,VIP
USR-000938,"Ir. Clara Sitorus, M.M.",2026-03-22,VIP
USR-000939,Karma Wahyuni,2023-06-30,Regular
USR-000940,Koko Saragih,2024-08-17,Regular
USR-000941,Galur Pangestu,2026-01-06,Regular
USR-000942,Ika Nasyidah,2024-02-13,Regular
USR-000943,"drg. Mumpuni Lazuardi, S.T.",2024-08-27,Regular
USR-000944,Endra Latupono,2023-12-07,Regular
USR-000945,Drs. Oliva Jailani,2023-05-13,Regular
USR-000946,Tgk. Kunthara Simanjuntak,2024-03-05,Regular
USR-000947,Wardaya Suryono,2024-06-14,Regular
USR-000948,Cawisono Hidayanto,2025-09-27,Regular
USR-000949,dr. Puput Handayani,2024-08-15,VIP
USR-000950,Alambana Halimah,2023-07-07,VIP
USR-000951,Balamantri Winarno,2026-03-04,VIP
USR-000952,Irsad Wijaya,2023-07-12,VIP
USR-000953,"Rina Rahayu, M.M.",2024-01-23,Regular
USR-000954,Ira Sitorus,2025-12-02,Regular
USR-000955,"Vanya Winarsih, M.Pd",2024-02-21,Regular
USR-000956,"KH. Jaka Purnawati, S.E.I",2023-08-20,Regular
USR-000957,"Dr. Cinta Hasanah, S.Pd",2023-09-11,Regular
USR-000958,"Nyana Hastuti, M.Kom.",2026-03-18,Regular
USR-000959,Cakrabirawa Susanti,2024-04-13,Regular
USR-000960,Kania Najmudin,2024-05-24,Regular
USR-000961,"Gamblang Simbolon, M.M.",2026-04-10,Regular
USR-000962,Atmaja Kusmawati,2025-05-16,VIP
USR-000963,Natalia Hariyah,2023-10-12,Regular
USR-000964,Vivi Tampubolon,2024-01-10,Regular
USR-000965,R. Oni Jailani,2025-11-13,VIP
USR-000966,"Puti Jane Puspita, S.Pt",2025-01-09,VIP
USR-000967,drg. Himawan Rahayu,2024-08-01,Regular
USR-000968,Lukman Prasasta,2025-01-21,Regular
USR-000969,Jaya Winarno,2025-08-18,Regular
USR-000970,Fathonah Rahayu,2023-07-31,Regular
USR-000971,"dr. Kasim Siregar, M.Pd",2025-02-17,Regular
USR-000972,Cawuk Wijayanti,2026-04-02,Regular
USR-000973,Okta Pertiwi,2026-02-23,Regular
USR-000974,Lega Riyanti,2025-05-14,Regular
USR-000975,Puti Kuswoyo,2025-04-08,Regular
USR-000976,Gaiman Waskita,2025-03-11,Regular
USR-000977,Puti Silvia Riyanti,2023-08-06,Regular
USR-000978,Nilam Yuliarti,2024-11-28,Regular
USR-000979,Bakijan Pratama,2026-02-08,Regular
USR-000980,Hj. Yessi Adriansyah,2023-11-21,VIP
USR-000981,"Cakrawala Hartati, M.Pd",2023-12-03,Regular
USR-000982,Raisa Permata,2024-07-15,Regular
USR-000983,Danang Zulaika,2025-03-14,Regular
USR-000984,Qori Wastuti,2024-08-23,Regular
USR-000985,Tina Situmorang,2024-08-05,Regular
USR-000986,Cut Rahmi Melani,2023-09-05,Regular
USR-000987,"R. Zulaikha Sihombing, S.Gz",2025-01-06,Regular
USR-000988,Dt. Abyasa Purwanti,2024-11-13,VIP
USR-000989,Satya Suryono,2024-10-29,Regular
USR-000990,Ian Rahayu,2023-06-07,Regular
USR-000991,"Galiono Wibowo, S.Sos",2024-12-22,Regular
USR-000992,Puji Prabowo,2024-12-02,VIP
USR-000993,Jaswadi Mandala,2026-02-12,Regular
USR-000994,dr. Saiful Tarihoran,2024-02-06,Regular
USR-000995,Edward Winarsih,2025-01-27,Regular
USR-000996,Adikara Hidayanto,2023-11-01,Regular
USR-000997,Cakrabirawa Laksita,2026-01-21,Regular
USR-000998,Diana Hutasoit,2026-02-05,Regular
USR-000999,"Reksa Agustina, M.M.",2023-11-19,Regular
USR-001000,drg. Sarah Najmudin,2026-04-04,VIP
USR-001001,dr. Kusuma Hartati,2025-03-25,VIP
USR-001002,Genta Nashiruddin,2024-12-07,Regular
USR-001003,Cut Ratih Mandasari,2025-02-07,Regular
USR-001004,"Olivia Santoso, S.Farm",2024-04-21,Regular
USR-001005,dr. Ami Firgantoro,2025-08-15,VIP
USR-001006,Tiara Uwais,2025-09-18,Regular
USR-001007,Dr. Shakila Hutapea,2023-10-12,Regular
USR-001008,"Uchita Novitasari, S.T.",2023-11-26,Regular
USR-001009,R. Karman Suryatmi,2025-04-11,Regular
USR-001010,Jarwi Usamah,2023-09-04,Regular
USR-001011,"Bahuwarna Usada, M.Pd",2026-02-14,Regular
USR-001012,Rahmi Habibi,2025-10-06,Regular
USR-001013,KH. Adikara Halimah,2024-10-04,Regular
USR-001014,drg. Kemal Sitompul,2025-03-25,Regular
USR-001015,Wirda Sihombing,2025-02-02,VIP
USR-001016,Argono Riyanti,2024-07-12,VIP
USR-001017,"Violet Pratiwi, S.T.",2024-08-04,Regular
USR-001018,"Jasmani Prastuti, S.E.",2023-07-24,Regular
USR-001019,Maryadi Siregar,2025-09-25,Regular
USR-001020,Edison Laksita,2025-12-14,Regular
USR-001021,Johan Hutagalung,2023-08-26,Regular
USR-001022,Diah Susanti,2024-06-24,Regular
USR-001023,Zamira Rajasa,2024-06-29,Regular
USR-001024,"Carla Suartini, S.E.",2023-05-12,VIP
USR-001025,"Eka Wahyuni, M.M.",2025-10-25,Regular
USR-001026,"R.M. Elon Prakasa, M.Kom.",2024-11-14,Regular
USR-001027,"Dr. Setya Firmansyah, S.Psi",2024-01-25,Regular
USR-001028,Legawa Mangunsong,2023-08-29,Regular
USR-001029,"dr. Prasetya Winarno, S.H.",2025-05-29,Regular
USR-001030,Tari Uyainah,2026-02-09,Regular
USR-001031,Koko Situmorang,2024-01-04,VIP
USR-001032,"Eman Latupono, S.Gz",2023-07-13,Regular
USR-001033,Lalita Kusmawati,2024-01-05,Regular
USR-001034,Ulva Nasyidah,2024-07-31,VIP
USR-001035,Sabrina Wibisono,2024-04-16,VIP
USR-001036,Dalima Nuraini,2025-04-26,Regular
USR-001037,Edward Hassanah,2025-02-23,VIP
USR-001038,"Galih Nuraini, S.Gz",2024-12-03,Regular
USR-001039,Ir. Garang Astuti,2023-09-18,Regular
USR-001040,"Sidiq Saputra, S.Psi",2025-11-23,VIP
USR-001041,Wani Januar,2024-06-12,Regular
USR-001042,"Lanang Wijaya, M.M.",2024-05-20,Regular
USR-001043,"Halima Wulandari, M.Farm",2026-03-04,Regular
USR-001044,Tgk. Murti Najmudin,2024-02-16,Regular
USR-001045,Dt. Muni Anggriawan,2024-08-18,Regular
USR-001046,Hendra Januar,2023-08-03,VIP
USR-001047,Mahdi Hassanah,2025-07-13,Regular
USR-001048,Olga Suryono,2024-10-17,Regular
USR-001049,Anom Dongoran,2024-05-15,VIP
USR-001050,Asmianto Riyanti,2025-12-07,VIP
USR-001051,"R.A. Rahayu Uyainah, S.IP",2026-02-03,Regular
USR-001052,Sabri Suartini,2023-10-23,VIP
USR-001053,Sakura Yuliarti,2023-11-07,VIP
USR-001054,"R.M. Umar Kusumo, S.E.",2025-09-15,Regular
USR-001055,Nadia Wijayanti,2024-05-17,Regular
USR-001056,"Jaeman Saefullah, S.Farm",2023-08-15,Regular
USR-001057,"Prasetya Sinaga, S.T.",2026-03-30,Regular
USR-001058,"R. Enteng Halim, S.Sos",2023-12-27,Regular
USR-001059,Almira Rajata,2024-12-13,Regular
USR-001060,Irnanto Hidayat,2024-06-04,Regular
USR-001061,Lurhur Wijaya,2025-05-22,VIP
USR-001062,"Joko Kurniawan, S.E.I",2024-01-22,Regular
USR-001063,"dr. Darimin Susanti, S.IP",2025-08-06,Regular
USR-001064,"Hana Jailani, S.Gz",2025-03-05,VIP
USR-001065,Kenzie Ramadan,2023-08-11,Regular
USR-001066,Usman Mandasari,2025-03-12,Regular
USR-001067,"Manah Adriansyah, S.Gz",2023-12-07,Regular
USR-001068,Hasna Maryadi,2026-02-15,Regular
USR-001069,Kania Permata,2026-04-11,Regular
USR-001070,H. Wage Lestari,2023-04-25,Regular
USR-001071,Latika Hidayat,2025-05-01,Regular
USR-001072,Ade Winarno,2025-08-06,Regular
USR-001073,"Dr. Dewi Purnawati, M.Pd",2026-03-25,Regular
USR-001074,Sabrina Sihombing,2024-10-28,Regular
USR-001075,Laswi Yuliarti,2025-01-01,VIP
USR-001076,Patricia Siregar,2023-09-07,Regular
USR-001077,"Dr. Vanya Siregar, S.Kom",2023-08-22,Regular
USR-001078,Dt. Harjo Wijayanti,2024-01-19,Regular
USR-001079,Tami Wibisono,2024-02-10,Regular
USR-001080,"Malik Tamba, M.Kom.",2023-10-02,Regular
USR-001081,"Ismail Nainggolan, S.E.I",2023-08-29,VIP
USR-001082,Ajiono Rahayu,2023-06-14,Regular
USR-001083,Kayla Haryanto,2024-04-24,Regular
USR-001084,"Gaiman Mandasari, M.Pd",2025-08-06,VIP
USR-001085,Argono Sirait,2025-03-17,Regular
USR-001086,Winda Gunarto,2023-07-16,VIP
USR-001087,Danuja Yolanda,2025-01-08,Regular
USR-001088,drg. Wage Wastuti,2026-02-19,Regular
USR-001089,Opung Prastuti,2025-07-31,Regular
USR-001090,Argono Megantara,2024-04-15,Regular
USR-001091,"Ajiman Halimah, M.Ak",2025-05-18,Regular
USR-001092,Nardi Yulianti,2023-06-30,Regular
USR-001093,Cawuk Usamah,2023-11-08,Regular
USR-001094,Yuni Kuswoyo,2023-07-06,Regular
USR-001095,R. Zahra Rahayu,2025-03-28,Regular
USR-001096,"Puti Calista Mandasari, M.Ak",2023-07-28,VIP
USR-001097,Atma Pangestu,2025-12-01,Regular
USR-001098,Yessi Wastuti,2025-02-10,Regular
USR-001099,Devi Permata,2025-01-03,Regular
USR-001100,Galur Prabowo,2025-08-15,Regular
USR-001101,R. Juli Haryanto,2023-06-29,Regular
USR-001102,Dinda Agustina,2023-10-24,VIP
USR-001103,"Kartika Puspasari, S.E.",2024-01-06,Regular
USR-001104,Wahyu Prastuti,2025-03-01,VIP
USR-001105,Baktianto Usamah,2023-06-22,Regular
USR-001106,Victoria Manullang,2025-11-26,Regular
USR-001107,Cindy Ardianto,2023-05-14,Regular
USR-001108,Wira Irawan,2023-05-01,Regular
USR-001109,Tgk. Lidya Kusmawati,2026-01-26,VIP
USR-001110,Danang Megantara,2026-03-30,Regular
USR-001111,Putri Hartati,2026-01-07,VIP
USR-001112,Wakiman Natsir,2025-01-19,Regular
USR-001113,"Ani Riyanti, S.E.",2025-11-23,Regular
USR-001114,Puti Sari Sihombing,2025-06-04,Regular
USR-001115,Agnes Puspita,2024-10-11,Regular
USR-001116,Banara Nuraini,2024-04-20,VIP
USR-001117,dr. Zelda Namaga,2023-09-15,Regular
USR-001118,Jaiman Utami,2025-06-16,Regular
USR-001119,Enteng Habibi,2026-02-07,Regular
USR-001120,Raden Maryadi,2024-02-14,Regular
USR-001121,"Dr. Najwa Nugroho, S.E.",2026-03-19,VIP
USR-001122,Asmadi Yuliarti,2026-02-24,Regular
USR-001123,Fathonah Fujiati,2024-11-05,VIP
USR-001124,Raisa Hasanah,2024-05-14,Regular
USR-001125,Opung Habibi,2023-06-26,VIP
USR-001126,Candrakanta Dabukke,2025-08-01,Regular
USR-001127,R. Bagus Prakasa,2025-05-12,Regular
USR-001128,Ir. Jane Andriani,2025-03-11,Regular
USR-001129,"Shania Simbolon, S.H.",2024-02-22,Regular
USR-001130,Ghaliyati Januar,2023-10-08,Regular
USR-001131,"Laras Pangestu, S.Sos",2024-04-22,Regular
USR-001132,Jarwi Padmasari,2024-03-27,Regular
USR-001133,Tirtayasa Fujiati,2025-05-11,VIP
USR-001134,Wisnu Suryatmi,2023-12-01,Regular
USR-001135,Harsanto Wahyudin,2025-03-26,Regular
USR-001136,Tantri Nababan,2023-11-17,Regular
USR-001137,Humaira Pangestu,2025-12-26,Regular
USR-001138,Anggabaya Purnawati,2024-09-22,VIP
USR-001139,Diana Kusumo,2023-07-21,Regular
USR-001140,Lili Narpati,2025-04-12,Regular
USR-001141,Timbul Sihombing,2024-10-04,Regular
USR-001142,Paiman Uyainah,2025-11-12,VIP
USR-001143,Koko Puspasari,2025-11-24,Regular
USR-001144,Hendra Nurdiyanti,2024-04-10,VIP
USR-001145,"R.A. Rika Kusmawati, M.M.",2025-05-18,Regular
USR-001146,Omar Aryani,2024-06-26,Regular
USR-001147,Gamanto Fujiati,2024-05-07,Regular
USR-001148,Tri Rahayu,2025-10-06,VIP
USR-001149,Cut Lidya Gunawan,2023-12-07,Regular
USR-001150,Uchita Mayasari,2023-06-21,Regular
USR-001151,Paris Wijaya,2023-06-11,Regular
USR-001152,"KH. Mursinin Januar, M.M.",2025-05-03,Regular
USR-001153,Bakda Puspita,2025-05-28,VIP
USR-001154,"Uchita Wasita, S.Kom",2023-05-09,Regular
USR-001155,Ida Permadi,2023-11-12,Regular
USR-001156,Agus Kuswandari,2026-01-20,VIP
USR-001157,Elisa Haryanti,2026-02-22,VIP
USR-001158,"Restu Dongoran, M.M.",2025-09-22,VIP
USR-001159,"R.M. Taufan Waskita, S.E.",2025-04-09,VIP
USR-001160,"Jaiman Usada, S.Ked",2024-11-15,VIP
USR-001161,Harsana Sitorus,2025-12-19,Regular
USR-001162,Ega Aryani,2025-07-22,Regular
USR-001163,"Rahmi Namaga, M.Farm",2024-06-12,Regular
USR-001164,"Ir. Bajragin Safitri, S.Psi",2024-03-06,Regular
USR-001165,Ir. Galih Habibi,2023-07-14,Regular
USR-001166,Karimah Hastuti,2023-10-09,Regular
USR-001167,Ghani Utama,2025-12-06,Regular
USR-001168,"Kurnia Hidayat, M.Pd",2024-01-17,Regular
USR-001169,Gandewa Permadi,2024-03-03,Regular
USR-001170,Martaka Kuswandari,2025-08-05,Regular
USR-001171,"R.A. Umi Prasetyo, S.Psi",2025-10-07,VIP
USR-001172,Olivia Zulaika,2024-10-18,Regular
USR-001173,Anastasia Haryanto,2025-02-04,Regular
USR-001174,Mila Laksita,2024-11-19,Regular
USR-001175,R. Jarwadi Nasyidah,2025-06-06,Regular
USR-001176,"Drs. Icha Hartati, M.Ak",2026-03-08,Regular
USR-001177,"Ir. Warsita Haryanto, S.Kom",2024-11-11,Regular
USR-001178,Bajragin Wijaya,2025-03-31,VIP
USR-001179,Citra Kurniawan,2024-01-22,Regular
USR-001180,Carla Maulana,2023-12-31,VIP
USR-001181,Taufan Putra,2025-05-30,VIP
USR-001182,"Ajimin Sihombing, S.Farm",2025-07-06,Regular
USR-001183,R.M. Jasmani Situmorang,2026-03-15,VIP
USR-001184,Unjani Yuliarti,2025-01-31,Regular
USR-001185,Fitriani Haryanto,2023-05-23,Regular
USR-001186,"R.A. Zahra Nurdiyanti, S.Psi",2023-05-24,Regular
USR-001187,dr. Safina Yuliarti,2025-01-18,VIP
USR-001188,Rika Widiastuti,2024-09-07,Regular
USR-001189,Dr. Ibun Haryanti,2026-04-06,Regular
USR-001190,R. Widya Samosir,2024-08-04,Regular
USR-001191,"T. Darsirah Laksmiwati, S.I.Kom",2024-01-11,Regular
USR-001192,"Dt. Cakrajiya Thamrin, S.Pd",2024-07-10,Regular
USR-001193,Lasmanto Marpaung,2025-03-28,VIP
USR-001194,Elvina Natsir,2025-07-29,Regular
USR-001195,"Putu Mangunsong, S.E.",2026-03-31,Regular
USR-001196,Artanto Simanjuntak,2024-04-23,Regular
USR-001197,Irnanto Rajata,2025-09-28,Regular
USR-001198,Danang Purwanti,2024-11-14,Regular
USR-001199,"Galiono Situmorang, S.E.I",2023-06-12,VIP
USR-001200,Puput Marpaung,2024-11-19,Regular
USR-001201,Dewi Dongoran,2025-07-26,Regular
USR-001202,Vivi Maulana,2025-01-07,Regular
USR-001203,Eva Ardianto,2025-03-31,VIP
USR-001204,Tgk. Marsudi Sihombing,2025-08-15,Regular
USR-001205,Usyi Pertiwi,2025-04-25,Regular
USR-001206,Raharja Pratiwi,2026-02-18,Regular
USR-001207,Shakila Kusumo,2025-03-06,VIP
USR-001208,Cahyono Wastuti,2025-05-03,Regular
USR-001209,Gaiman Dongoran,2025-08-22,Regular
USR-001210,R.A. Melinda Tamba,2025-01-02,Regular
USR-001211,Amelia Sudiati,2023-09-10,Regular
USR-001212,Lamar Novitasari,2026-01-10,Regular
USR-001213,"KH. Estiawan Napitupulu, S.Ked",2024-03-30,Regular
USR-001214,drg. Murti Winarsih,2023-08-27,Regular
USR-001215,dr. Dagel Lestari,2023-09-02,Regular
USR-001216,Ir. Oni Hakim,2024-08-25,Regular
USR-001217,Lala Maulana,2026-02-18,VIP
USR-001218,Kiandra Wahyudin,2025-02-12,Regular
USR-001219,Jelita Tampubolon,2023-05-08,Regular
USR-001220,Putri Irawan,2024-08-10,Regular
USR-001221,"Maimunah Agustina, M.M.",2024-03-20,Regular
USR-001222,Reksa Anggraini,2024-07-11,VIP
USR-001223,Rafid Rahmawati,2025-01-22,Regular
USR-001224,Cakrabirawa Pranowo,2025-11-03,Regular
USR-001225,Paramita Sitorus,2024-08-03,Regular
USR-001226,drg. Clara Ardianto,2023-07-31,VIP
USR-001227,"Vinsen Saputra, S.Farm",2025-01-15,Regular
USR-001228,drg. Nyana Purnawati,2024-01-16,VIP
USR-001229,Cengkir Wibowo,2023-11-18,Regular
USR-001230,drg. Artanto Sihombing,2024-07-12,Regular
USR-001231,Nilam Purwanti,2025-10-15,Regular
USR-001232,Akarsana Adriansyah,2025-04-08,VIP
USR-001233,Ifa Uyainah,2023-12-15,VIP
USR-001234,Dewi Yolanda,2026-01-02,Regular
USR-001235,Lidya Nugroho,2026-02-17,Regular
USR-001236,"Septi Prasasta, S.Ked",2025-05-23,Regular
USR-001237,"T. Jumadi Hidayat, M.Ak",2023-10-22,Regular
USR-001238,Dr. Padmi Fujiati,2024-11-01,Regular
USR-001239,"Mahfud Kusmawati, S.IP",2024-05-24,Regular
USR-001240,H. Kamal Budiyanto,2024-11-19,VIP
USR-001241,Laksana Hakim,2024-05-27,VIP
USR-001242,Malika Mansur,2023-12-03,Regular
USR-001243,Asmadi Saputra,2024-10-26,Regular
USR-001244,Siska Tamba,2024-11-01,Regular
USR-001245,Icha Nuraini,2023-07-04,Regular
USR-001246,Kamidin Nababan,2026-01-06,VIP
USR-001247,Prakosa Kuswoyo,2025-12-20,Regular
USR-001248,"R.M. Kenari Sinaga, S.Psi",2025-11-05,Regular
USR-001249,"T. Emong Tarihoran, S.IP",2026-03-19,VIP
USR-001250,dr. Yuni Megantara,2025-07-28,Regular
USR-001251,Karja Suryono,2023-05-10,Regular
USR-001252,"drg. Hendra Siregar, S.E.",2024-11-19,Regular
USR-001253,Chandra Mardhiyah,2023-09-26,VIP
USR-001254,"R.A. Wulan Purwanti, M.Ak",2024-03-28,VIP
USR-001255,"Drs. Zulfa Nasyidah, M.Pd",2026-03-26,Regular
USR-001256,"KH. Balijan Agustina, M.M.",2026-04-14,Regular
USR-001257,Reza Mustofa,2023-08-16,Regular
USR-001258,Kamaria Saragih,2023-05-16,Regular
USR-001259,Dina Handayani,2026-03-28,Regular
USR-001260,KH. Gangsa Natsir,2025-11-03,Regular
USR-001261,Panca Lazuardi,2024-08-05,Regular
USR-001262,Sabri Megantara,2024-03-30,VIP
USR-001263,Gaiman Mahendra,2026-03-23,VIP
USR-001264,Bahuwirya Anggraini,2024-03-10,VIP
USR-001265,"KH. Balidin Hutagalung, S.Ked",2026-03-28,Regular
USR-001266,"dr. Artanto Napitupulu, S.IP",2025-05-11,Regular
USR-001267,"Ir. Kambali Rahayu, S.Gz",2023-06-09,Regular
USR-001268,Upik Ramadan,2025-04-17,Regular
USR-001269,Gada Widiastuti,2023-06-26,Regular
USR-001270,"R. Purwa Maheswara, M.Ak",2023-05-05,Regular
USR-001271,R.A. Fitria Winarsih,2024-03-04,Regular
USR-001272,Bakijan Maulana,2024-10-17,Regular
USR-001273,dr. Kamila Marpaung,2024-06-23,Regular
USR-001274,"H. Luwar Permadi, M.TI.",2025-06-05,Regular
USR-001275,Baktiadi Prastuti,2025-09-21,VIP
USR-001276,Sutan Nasrullah Nababan,2023-05-11,Regular
USR-001277,Umay Nasyiah,2024-06-30,Regular
USR-001278,"Cinthia Prabowo, M.TI.",2023-04-26,Regular
USR-001279,Tami Rahmawati,2025-04-26,Regular
USR-001280,Samiah Kurniawan,2024-02-01,Regular
USR-001281,"dr. Kezia Anggraini, S.Kom",2024-01-25,VIP
USR-001282,Hasim Kusumo,2025-06-26,VIP
USR-001283,Jaka Kusumo,2024-08-20,Regular
USR-001284,Jumari Tarihoran,2025-07-05,Regular
USR-001285,Puti Gunarto,2026-04-18,Regular
USR-001286,Nilam Latupono,2023-08-25,Regular
USR-001287,Mutia Rahimah,2024-12-07,Regular
USR-001288,"Saadat Handayani, S.H.",2024-08-16,Regular
USR-001289,Icha Aryani,2025-08-27,VIP
USR-001290,"Puti Zaenab Kusmawati, S.I.Kom",2024-02-07,Regular
USR-001291,Mursita Lestari,2024-01-23,Regular
USR-001292,Harto Farida,2026-02-27,Regular
USR-001293,"Murti Hutasoit, S.IP",2025-07-09,VIP
USR-001294,Lalita Rahayu,2023-11-28,VIP
USR-001295,"Ella Haryanto, S.I.Kom",2023-09-25,Regular
USR-001296,Farah Riyanti,2024-02-23,Regular
USR-001297,Daruna Anggraini,2025-01-07,Regular
USR-001298,Vanesa Prastuti,2025-06-03,Regular
USR-001299,Usyi Yuniar,2025-10-28,Regular
USR-001300,Nabila Widiastuti,2024-12-31,VIP
USR-001301,Nova Melani,2025-11-11,Regular
USR-001302,Pranawa Hasanah,2024-06-26,Regular
USR-001303,Dwi Lestari,2023-10-04,Regular
USR-001304,Lutfan Mansur,2025-05-31,Regular
USR-001305,Okto Habibi,2023-06-05,Regular
USR-001306,Shania Dongoran,2023-08-03,Regular
USR-001307,Rahmi Wastuti,2024-01-23,Regular
USR-001308,Gadang Oktaviani,2024-09-08,Regular
USR-001309,Prabawa Hutagalung,2025-12-13,Regular
USR-001310,"Dr. Pranata Lailasari, M.M.",2026-02-09,Regular
USR-001311,Salimah Mandasari,2024-02-27,VIP
USR-001312,T. Kemba Siregar,2025-05-20,VIP
USR-001313,Dt. Wawan Firmansyah,2025-08-06,VIP
USR-001314,Harjo Hartati,2025-02-16,Regular
USR-001315,"drg. Maimunah Haryanti, S.Gz",2024-08-20,Regular
USR-001316,Kalim Wahyuni,2023-06-10,Regular
USR-001317,"Eli Lestari, S.Farm",2024-08-02,VIP
USR-001318,Tina Wibisono,2023-11-14,Regular
USR-001319,"R. Kairav Wulandari, M.Kom.",2025-05-16,VIP
USR-001320,Ir. Kayun Pertiwi,2026-02-08,Regular
USR-001321,Putri Manullang,2025-04-18,Regular
USR-001322,Hartaka Saptono,2025-06-15,Regular
USR-001323,drg. Raisa Wastuti,2025-05-27,Regular
USR-001324,"T. Galur Halim, S.Ked",2024-10-18,Regular
USR-001325,Cagak Utama,2025-10-23,Regular
USR-001326,"H. Lamar Dongoran, S.Psi",2024-10-12,Regular
USR-001327,Ikhsan Situmorang,2024-12-01,Regular
USR-001328,Kamaria Hakim,2024-10-26,Regular
USR-001329,Dirja Prakasa,2026-02-10,Regular
USR-001330,Rika Hutasoit,2026-01-20,Regular
USR-001331,Taswir Samosir,2026-03-23,Regular
USR-001332,Ella Damanik,2023-10-14,Regular
USR-001333,Ani Haryanti,2025-08-03,Regular
USR-001334,"drg. Qori Mulyani, S.Farm",2026-02-04,VIP
USR-001335,Mursinin Halimah,2024-06-07,Regular
USR-001336,Galiono Waluyo,2025-10-19,VIP
USR-001337,Janet Pertiwi,2025-09-22,Regular
USR-001338,"drg. Baktianto Wulandari, S.Kom",2023-09-18,VIP
USR-001339,Olivia Widiastuti,2024-09-22,VIP
USR-001340,Luwes Salahudin,2024-09-28,VIP
USR-001341,Farah Mandasari,2024-11-04,Regular
USR-001342,"Puti Zaenab Nasyiah, S.Kom",2026-01-01,VIP
USR-001343,Alika Salahudin,2024-07-09,Regular
USR-001344,Wani Prasetyo,2025-09-26,Regular
USR-001345,"Cornelia Prastuti, S.IP",2025-12-15,Regular
USR-001346,Humaira Hidayat,2025-10-25,VIP
USR-001347,"Dr. Jaswadi Aryani, S.Kom",2025-09-15,Regular
USR-001348,"R. Martana Sihombing, M.TI.",2024-10-10,Regular
USR-001349,Salimah Namaga,2024-07-28,Regular
USR-001350,Heryanto Wacana,2024-08-18,Regular
USR-001351,Drs. Mutia Winarsih,2024-05-14,VIP
USR-001352,Teguh Budiyanto,2025-08-17,Regular
USR-001353,"Padma Nashiruddin, M.Farm",2025-12-20,Regular
USR-001354,Mitra Hastuti,2025-06-03,VIP
USR-001355,"Kasiran Susanti, S.Farm",2024-06-09,VIP
USR-001356,"Sari Halim, M.TI.",2025-09-15,Regular
USR-001357,Malika Maulana,2024-02-25,Regular
USR-001358,Pangeran Salahudin,2024-04-27,Regular
USR-001359,Jamalia Haryanto,2025-02-24,Regular
USR-001360,Slamet Zulkarnain,2025-12-29,Regular
USR-001361,"Tgk. Septi Marpaung, S.T.",2024-06-07,Regular
USR-001362,R.A. Latika Permadi,2026-03-21,Regular
USR-001363,Dadi Dabukke,2023-10-13,Regular
USR-001364,"T. Jaiman Laksita, M.Pd",2024-05-05,VIP
USR-001365,Septi Firgantoro,2025-02-25,VIP
USR-001366,Empluk Mansur,2024-02-27,VIP
USR-001367,Widya Setiawan,2023-06-04,Regular
USR-001368,R.M. Margana Gunarto,2026-02-06,Regular
USR-001369,"Dt. Asman Hutasoit, S.Psi",2025-05-13,Regular
USR-001370,Zelaya Haryanto,2025-11-09,Regular
USR-001371,Salsabila Wahyuni,2025-01-11,Regular
USR-001372,Zalindra Mandala,2023-09-07,VIP
USR-001373,Kenzie Mardhiyah,2024-04-20,Regular
USR-001374,Ir. Radit Prastuti,2023-10-24,Regular
USR-001375,Najwa Iswahyudi,2025-07-13,Regular
USR-001376,Puti Vera Sihotang,2024-04-23,Regular
USR-001377,"Ir. Unjani Wibisono, S.H.",2024-09-12,Regular
USR-001378,Cakrabirawa Kurniawan,2025-02-04,Regular
USR-001379,Endra Farida,2024-01-17,VIP
USR-001380,Zelda Rahmawati,2025-01-13,Regular
USR-001381,Patricia Wahyudin,2023-07-15,Regular
USR-001382,Galiono Palastri,2026-04-10,Regular
USR-001383,Sabrina Prayoga,2025-02-06,Regular
USR-001384,"R.M. Gilang Kusmawati, S.I.Kom",2024-06-24,Regular
USR-001385,Mariadi Sudiati,2024-08-10,Regular
USR-001386,"Hj. Wirda Habibi, S.H.",2023-06-13,VIP
USR-001387,dr. Galak Uyainah,2024-05-16,Regular
USR-001388,Yessi Maheswara,2026-04-12,VIP
USR-001389,"R.A. Zamira Handayani, S.Sos",2025-07-28,Regular
USR-001390,Hamima Sihombing,2023-05-02,VIP
USR-001391,"R.A. Ifa Pranowo, S.E.",2023-09-07,VIP
USR-001392,"Galiono Yuniar, S.Farm",2025-03-01,Regular
USR-001393,Zelaya Hutapea,2023-06-11,Regular
USR-001394,Unjani Zulkarnain,2025-05-22,VIP
USR-001395,"Lintang Januar, S.E.",2024-09-17,Regular
USR-001396,Ophelia Haryanto,2026-04-09,Regular
USR-001397,Rahmi Pudjiastuti,2024-10-17,Regular
USR-001398,Talia Dabukke,2024-09-08,Regular
USR-001399,"Maras Nashiruddin, M.M.",2023-07-09,Regular
USR-001400,Ade Wacana,2026-01-09,VIP
USR-001401,"Gaduh Sihotang, M.Farm",2024-02-24,Regular
USR-001402,Candrakanta Prayoga,2023-08-25,Regular
USR-001403,"Vivi Yulianti, S.E.I",2025-06-30,VIP
USR-001404,"Hendra Simanjuntak, M.M.",2025-10-28,Regular
USR-001405,"R. Hana Natsir, M.Farm",2025-05-02,Regular
USR-001406,"T. Dalimin Hutasoit, S.Farm",2024-09-09,Regular
USR-001407,Hartana Waluyo,2024-11-11,Regular
USR-001408,Ajimat Damanik,2025-09-22,VIP
USR-001409,"Luwar Utami, S.H.",2025-09-03,Regular
USR-001410,Faizah Saptono,2023-09-05,Regular
USR-001411,"R. Alika Wacana, M.Ak",2026-04-13,Regular
USR-001412,Tgk. Eka Irawan,2025-02-14,Regular
USR-001413,Warsita Purnawati,2024-11-11,Regular
USR-001414,Nasim Novitasari,2023-10-19,Regular
USR-001415,"drg. Raden Wulandari, M.Kom.",2025-02-23,Regular
USR-001416,Nasab Putra,2023-10-21,Regular
USR-001417,"Tgk. Irma Lailasari, S.Sos",2024-02-10,Regular
USR-001418,Zamira Putra,2023-11-08,Regular
USR-001419,Ridwan Suryono,2025-11-07,Regular
USR-001420,Hari Najmudin,2026-03-06,Regular
USR-001421,"R.M. Alambana Siregar, S.T.",2025-01-13,Regular
USR-001422,Dr. Hilda Uwais,2024-04-19,Regular
USR-001423,"Marsudi Haryanti, S.Pt",2025-10-11,Regular
USR-001424,Diana Sinaga,2023-05-06,VIP
USR-001425,Silvia Prabowo,2026-03-31,Regular
USR-001426,"Lintang Riyanti, S.T.",2024-12-05,Regular
USR-001427,Kalim Halim,2023-08-11,Regular
USR-001428,Gilda Halimah,2023-07-09,VIP
USR-001429,Hj. Wani Rahimah,2024-10-21,Regular
USR-001430,Dono Mayasari,2023-06-29,Regular
USR-001431,Ilsa Widodo,2025-12-07,VIP
USR-001432,Diah Purwanti,2026-02-25,VIP
USR-001433,R. Hana Narpati,2023-06-22,VIP
USR-001434,Jessica Hastuti,2025-06-10,Regular
USR-001435,Galiono Nuraini,2023-11-10,Regular
USR-001436,Elon Latupono,2025-02-20,Regular
USR-001437,Cagak Mandasari,2024-08-18,Regular
USR-001438,"Karen Astuti, S.Pd",2024-06-29,VIP
USR-001439,Tgk. Padma Sihotang,2024-06-01,Regular
USR-001440,Galih Lestari,2025-02-24,Regular
USR-001441,Ir. Makara Farida,2023-12-10,Regular
USR-001442,Cakrawala Habibi,2023-07-11,Regular
USR-001443,Argono Halimah,2024-04-11,Regular
USR-001444,Nrima Hastuti,2024-05-28,Regular
USR-001445,Umar Lailasari,2025-02-25,Regular
USR-001446,Kani Purwanti,2023-06-22,Regular
USR-001447,Nilam Kusumo,2025-05-12,VIP
USR-001448,Gantar Iswahyudi,2023-12-05,VIP
USR-001449,"Tgk. Elvina Narpati, M.TI.",2024-03-01,Regular
USR-001450,Hj. Restu Prabowo,2024-06-16,Regular
USR-001451,Karsa Pertiwi,2025-10-12,VIP
USR-001452,Citra Prayoga,2024-01-25,Regular
USR-001453,"Bakiono Sitompul, S.Ked",2025-06-01,Regular
USR-001454,"Maman Maheswara, S.Sos",2024-07-04,VIP
USR-001455,Puti Zalindra Sinaga,2024-11-20,Regular
USR-001456,Bajragin Haryanti,2023-12-14,Regular
USR-001457,Mutia Utami,2026-02-07,VIP
USR-001458,Hj. Agnes Sitompul,2024-06-11,VIP
USR-001459,"Luthfi Hartati, S.Psi",2023-06-27,VIP
USR-001460,Danuja Hardiansyah,2025-09-20,Regular
USR-001461,Janet Hakim,2026-01-13,Regular
USR-001462,Drs. Harjaya Iswahyudi,2023-08-07,Regular
USR-001463,Elma Permadi,2024-12-29,Regular
USR-001464,Ajimat Pranowo,2024-12-29,VIP
USR-001465,Victoria Waskita,2023-12-29,VIP
USR-001466,"Parman Yolanda, S.E.I",2024-07-05,Regular
USR-001467,Nurul Astuti,2023-10-24,Regular
USR-001468,"Luhung Mustofa, S.I.Kom",2024-08-13,Regular
USR-001469,Rafi Uwais,2026-02-16,Regular
USR-001470,Jindra Hassanah,2025-06-24,VIP
USR-001471,Hasna Pratiwi,2024-12-12,VIP
USR-001472,Cornelia Anggraini,2025-11-07,Regular
USR-001473,R. Maya Usamah,2024-11-12,Regular
USR-001474,Arta Mulyani,2025-02-09,Regular
USR-001475,Shania Prasetyo,2024-10-01,Regular
USR-001476,"Nasab Mangunsong, M.Kom.",2026-01-20,Regular
USR-001477,"Marsudi Novitasari, S.Pt",2025-07-17,Regular
USR-001478,Maya Hutapea,2024-07-14,Regular
USR-001479,Eka Mahendra,2025-04-30,VIP
USR-001480,Zaenab Prayoga,2026-03-18,Regular
USR-001481,Ida Purnawati,2025-07-10,Regular
USR-001482,R. Vero Gunawan,2023-07-03,Regular
USR-001483,Kajen Anggraini,2025-06-25,VIP
USR-001484,Jaiman Wijayanti,2025-01-20,Regular
USR-001485,"Tgk. Kamila Rajasa, M.Farm",2025-09-19,Regular
USR-001486,"Dr. Agus Latupono, M.M.",2023-08-25,Regular
USR-001487,"R.M. Saiful Wijaya, S.Gz",2024-01-23,VIP
USR-001488,Tiara Salahudin,2023-08-27,VIP
USR-001489,Dr. Usyi Winarsih,2024-08-19,Regular
USR-001490,Tgk. Jasmin Nashiruddin,2025-03-18,VIP
USR-001491,Bahuwirya Suartini,2024-03-12,Regular
USR-001492,"Hj. Cici Fujiati, M.Pd",2024-05-26,Regular
USR-001493,Harto Latupono,2023-05-17,Regular
USR-001494,Marwata Kuswandari,2023-05-10,Regular
USR-001495,"Latika Wahyuni, M.Ak",2025-04-03,VIP
USR-001496,Raina Susanti,2025-05-15,Regular
USR-001497,"Samiah Wulandari, S.Sos",2024-10-31,VIP
USR-001498,Budi Mansur,2024-08-02,VIP
USR-001499,Balidin Budiyanto,2023-05-11,Regular
USR-001500,Sidiq Dongoran,2026-04-05,VIP
USR-001501,Sadina Maulana,2024-03-10,Regular
USR-001502,Ibrani Utami,2026-01-23,Regular
USR-001503,Bakianto Sihombing,2025-08-03,VIP
USR-001504,Jasmani Anggraini,2025-04-08,Regular
USR-001505,Caturangga Mangunsong,2023-05-23,Regular
USR-001506,Nova Halimah,2026-04-15,Regular
USR-001507,"Dr. Restu Prasasta, S.Kom",2023-05-20,Regular
USR-001508,drg. Anastasia Sitorus,2024-07-21,VIP
USR-001509,Lasmono Astuti,2023-05-02,Regular
USR-001510,"Dr. Unjani Prastuti, M.Ak",2025-01-24,Regular
USR-001511,Ani Laksita,2025-08-28,Regular
USR-001512,Oliva Rahayu,2024-12-30,Regular
USR-001513,"Utama Laksita, S.H.",2025-11-24,VIP
USR-001514,Dt. Indra Permata,2023-07-23,VIP
USR-001515,R. Embuh Yuliarti,2024-08-22,Regular
USR-001516,Calista Lailasari,2025-01-27,Regular
USR-001517,"Ganjaran Hassanah, S.Farm",2025-12-12,Regular
USR-001518,Edward Nababan,2023-05-22,Regular
USR-001519,Maida Pradipta,2025-04-17,Regular
USR-001520,Langgeng Sirait,2025-06-16,Regular
USR-001521,"Hj. Nadia Mustofa, S.Pd",2025-11-10,Regular
USR-001522,Zahra Wulandari,2024-12-16,Regular
USR-001523,"Karen Halimah, S.E.",2026-01-27,Regular
USR-001524,Eko Irawan,2025-12-10,VIP
USR-001525,Diah Natsir,2026-02-19,VIP
USR-001526,Luluh Lestari,2024-02-23,Regular
USR-001527,"dr. Wardaya Lailasari, S.Pd",2023-09-23,Regular
USR-001528,Kalim Hardiansyah,2024-04-18,VIP
USR-001529,Hana Tamba,2023-05-18,Regular
USR-001530,Cayadi Mardhiyah,2026-03-06,Regular
USR-001531,"R. Gandi Astuti, S.IP",2023-06-08,Regular
USR-001532,Banawa Purwanti,2025-12-04,Regular
USR-001533,Hana Siregar,2024-04-02,VIP
USR-001534,"Dt. Prasetya Puspita, S.T.",2024-10-22,Regular
USR-001535,"Drs. Rahmi Winarsih, S.IP",2023-12-10,Regular
USR-001536,Wirda Haryanti,2023-07-07,Regular
USR-001537,Purwa Suryatmi,2023-10-09,Regular
USR-001538,"R. Ridwan Purwanti, S.Gz",2025-11-22,Regular
USR-001539,Caturangga Usamah,2025-06-16,Regular
USR-001540,"R.A. Karen Manullang, S.Pd",2023-10-20,VIP
USR-001541,"Dr. Jamil Januar, S.E.I",2025-03-05,Regular
USR-001542,Juli Mandala,2026-01-19,Regular
USR-001543,"R.A. Maida Agustina, S.Ked",2023-10-28,Regular
USR-001544,"Dr. Jasmin Suwarno, M.TI.",2024-05-05,Regular
USR-001545,Emas Wahyudin,2024-01-11,Regular
USR-001546,Siti Widiastuti,2025-01-23,Regular
USR-001547,Parman Nuraini,2024-05-05,VIP
USR-001548,"Sutan Cahyo Aryani, S.Farm",2025-02-03,Regular
USR-001549,Zulaikha Maryati,2025-01-14,Regular
USR-001550,Ana Handayani,2026-03-14,Regular
USR-001551,"Dt. Nasim Maryati, S.Pt",2023-12-02,Regular
USR-001552,Iriana Wacana,2023-08-29,Regular
USR-001553,Almira Wijaya,2023-12-31,VIP
USR-001554,"Virman Yuniar, S.E.I",2023-06-16,VIP
USR-001555,Laswi Wijayanti,2025-09-28,VIP
USR-001556,Lili Wacana,2025-07-05,Regular
USR-001557,"Puspa Sihombing, S.Psi",2026-03-12,VIP
USR-001558,Raden Setiawan,2024-10-05,Regular
USR-001559,R. Tira Waskita,2025-07-17,Regular
USR-001560,"Danang Palastri, M.Ak",2025-03-13,Regular
USR-001561,"Ilyas Situmorang, S.Sos",2025-12-05,Regular
USR-001562,Chelsea Firgantoro,2024-02-20,VIP
USR-001563,Kayla Mahendra,2025-08-01,VIP
USR-001564,T. Dariati Iswahyudi,2025-07-06,VIP
USR-001565,T. Karma Siregar,2025-06-22,Regular
USR-001566,Ajimin Dabukke,2026-01-01,VIP
USR-001567,Tgk. Halima Sihombing,2025-08-05,Regular
USR-001568,R. Opan Halim,2025-02-04,Regular
USR-001569,Sari Mayasari,2024-11-19,Regular
USR-001570,Asirwada Yulianti,2024-10-21,Regular
USR-001571,Ifa Pertiwi,2023-10-30,Regular
USR-001572,Jessica Prakasa,2023-04-28,Regular
USR-001573,Hj. Salwa Nasyidah,2025-10-09,Regular
USR-001574,Gara Salahudin,2025-10-31,Regular
USR-001575,"Purwanto Pertiwi, S.E.I",2024-07-05,Regular
USR-001576,H. Dirja Jailani,2024-11-26,VIP
USR-001577,Drs. Dadi Tarihoran,2024-09-10,Regular
USR-001578,Cakrajiya Anggraini,2025-03-25,Regular
USR-001579,Bakiman Halim,2025-01-19,Regular
USR-001580,Jaswadi Prabowo,2025-02-08,VIP
USR-001581,Hairyanto Wastuti,2025-03-13,Regular
USR-001582,Rini Purwanti,2025-07-15,VIP
USR-001583,"dr. Teddy Saptono, M.Farm",2025-07-04,Regular
USR-001584,"Indra Farida, M.Kom.",2025-06-02,Regular
USR-001585,"R. Dinda Mayasari, S.E.I",2025-01-26,Regular
USR-001586,"Michelle Mustofa, M.TI.",2025-05-12,Regular
USR-001587,Marsito Prabowo,2025-07-19,Regular
USR-001588,Ami Manullang,2025-03-27,VIP
USR-001589,Devi Suartini,2025-09-04,Regular
USR-001590,Banawa Uwais,2025-01-13,VIP
USR-001591,Azalea Nurdiyanti,2025-09-24,Regular
USR-001592,Hardana Samosir,2023-12-14,Regular
USR-001593,Ida Laksita,2024-11-21,VIP
USR-001594,"R.M. Caket Rahmawati, S.Farm",2023-06-02,Regular
USR-001595,Intan Pratama,2023-07-04,Regular
USR-001596,"Dr. Ade Maheswara, M.Pd",2024-01-29,Regular
USR-001597,Tedi Gunawan,2024-10-12,Regular
USR-001598,Queen Saragih,2025-01-27,VIP
USR-001599,Jessica Waluyo,2025-09-14,Regular
USR-001600,"Ir. Diah Mandala, M.TI.",2025-04-27,Regular
USR-001601,Vanya Hartati,2026-01-02,Regular
USR-001602,Eka Simbolon,2026-02-19,VIP
USR-001603,"Drs. Mulya Oktaviani, S.Farm",2023-09-05,Regular
USR-001604,Uda Widodo,2024-12-11,Regular
USR-001605,Dt. Yusuf Winarsih,2024-09-27,Regular
USR-001606,"Indah Yuliarti, S.Pt",2025-03-08,Regular
USR-001607,"Aisyah Pertiwi, S.Pd",2024-01-02,Regular
USR-001608,"Bancar Yuniar, M.Pd",2025-09-07,VIP
USR-001609,Yahya Safitri,2023-08-30,VIP
USR-001610,Cut Qori Nurdiyanti,2025-08-08,VIP
USR-001611,"drg. Jefri Budiyanto, S.IP",2024-02-08,Regular
USR-001612,R.M. Yono Budiyanto,2026-02-05,Regular
USR-001613,"Sutan Dipa Prastuti, M.M.",2024-06-20,VIP
USR-001614,"Dr. Luluh Sinaga, S.Sos",2023-08-29,Regular
USR-001615,Joko Damanik,2025-10-20,Regular
USR-001616,Elvina Agustina,2024-09-29,Regular
USR-001617,"Drs. Jamalia Wibowo, S.T.",2023-05-27,Regular
USR-001618,Baktiadi Namaga,2023-09-08,VIP
USR-001619,Dinda Najmudin,2024-01-06,Regular
USR-001620,"R. Candra Samosir, S.Farm",2024-05-20,Regular
USR-001621,Asmuni Susanti,2026-03-09,Regular
USR-001622,Akarsana Hakim,2024-09-06,Regular
USR-001623,Cinthia Simanjuntak,2024-07-25,Regular
USR-001624,Janet Rajata,2023-11-27,Regular
USR-001625,"Puti Anastasia Pangestu, S.H.",2024-11-23,Regular
USR-001626,R.A. Nilam Melani,2025-11-02,VIP
USR-001627,Calista Santoso,2025-06-11,Regular
USR-001628,Malika Puspasari,2023-07-23,Regular
USR-001629,Jayadi Dabukke,2025-01-11,VIP
USR-001630,"Daruna Budiyanto, S.T.",2025-01-12,Regular
USR-001631,Hj. Cinthia Prayoga,2025-08-27,VIP
USR-001632,"Panji Mahendra, S.Pd",2025-08-28,Regular
USR-001633,Melinda Hutasoit,2025-09-18,Regular
USR-001634,Sutan Purwa Megantara,2026-01-01,Regular
USR-001635,R.M. Purwa Prasasta,2024-11-19,Regular
USR-001636,Puti Hartati,2025-08-02,Regular
USR-001637,Rahmat Hariyah,2023-06-23,Regular
USR-001638,Safina Marbun,2025-12-09,Regular
USR-001639,Wardi Laksmiwati,2023-04-20,Regular
USR-001640,Tgk. Zalindra Zulaika,2024-06-17,VIP
USR-001641,Zaenab Usamah,2024-11-30,Regular
USR-001642,Drs. Intan Gunawan,2024-03-15,Regular
USR-001643,"Patricia Pratiwi, S.Pt",2023-12-26,VIP
USR-001644,Harto Maheswara,2024-07-30,Regular
USR-001645,"Puti Setiawan, S.Farm",2023-11-22,Regular
USR-001646,Drs. Wani Simanjuntak,2024-03-12,Regular
USR-001647,Siska Rajata,2026-03-14,Regular
USR-001648,Hesti Wijayanti,2025-03-23,VIP
USR-001649,Fathonah Haryanti,2024-08-31,Regular
USR-001650,Anita Mansur,2025-11-06,Regular
USR-001651,Lulut Kusmawati,2026-01-18,VIP
USR-001652,Muni Natsir,2023-04-26,Regular
USR-001653,H. Niyaga Lestari,2025-01-20,Regular
USR-001654,R. Pandu Yulianti,2024-12-20,VIP
USR-001655,Kawaya Dabukke,2026-01-25,Regular
USR-001656,Samiah Maheswara,2026-02-26,VIP
USR-001657,"drg. Yunita Rahimah, S.I.Kom",2024-10-19,Regular
USR-001658,Salman Anggriawan,2024-12-10,Regular
USR-001659,Kartika Nababan,2023-10-30,Regular
USR-001660,Darman Damanik,2025-03-10,Regular
USR-001661,"Viman Tamba, S.Kom",2024-06-29,Regular
USR-001662,"Ir. Sari Sihombing, S.H.",2023-09-06,Regular
USR-001663,Karen Firgantoro,2024-04-17,Regular
USR-001664,Tiara Sudiati,2024-06-29,VIP
USR-001665,Daliman Uyainah,2024-03-09,VIP
USR-001666,Tedi Setiawan,2024-12-25,Regular
USR-001667,drg. Cawisono Puspasari,2025-09-20,Regular
USR-001668,"Okta Pratiwi, M.Ak",2024-02-15,Regular
USR-001669,Atmaja Rahmawati,2025-09-13,VIP
USR-001670,"Bella Mahendra, S.T.",2023-11-05,Regular
USR-001671,"R.A. Putri Saefullah, S.Kom",2025-09-21,Regular
USR-001672,Mustofa Wastuti,2026-03-08,Regular
USR-001673,Tgk. Sabrina Purwanti,2025-07-25,Regular
USR-001674,Wakiman Aryani,2025-03-25,Regular
USR-001675,"Wardaya Yulianti, S.Gz",2026-01-09,Regular
USR-001676,Zulfa Wasita,2024-09-02,Regular
USR-001677,Maman Maryati,2024-06-18,Regular
USR-001678,Karen Maryati,2025-04-13,Regular
USR-001679,"Genta Hardiansyah, S.T.",2023-06-26,Regular
USR-001680,drg. Galih Ardianto,2025-01-31,Regular
USR-001681,Gandewa Hutapea,2024-12-18,VIP
USR-001682,"Dt. Okto Prasetyo, S.Farm",2025-09-24,Regular
USR-001683,Daliman Marbun,2023-08-13,Regular
USR-001684,Bella Utami,2024-09-12,Regular
USR-001685,Alambana Kuswandari,2025-12-16,Regular
USR-001686,"Dt. Lega Utami, S.Psi",2025-02-19,Regular
USR-001687,Balangga Kusmawati,2024-05-12,VIP
USR-001688,Zahra Habibi,2024-04-24,Regular
USR-001689,KH. Dasa Hidayanto,2024-09-19,VIP
USR-001690,Dr. Vanesa Kuswoyo,2025-11-07,Regular
USR-001691,Ratna Maheswara,2025-12-16,Regular
USR-001692,Vero Firmansyah,2023-08-30,Regular
USR-001693,Zizi Haryanto,2024-11-26,VIP
USR-001694,Vega Handayani,2023-11-04,VIP
USR-001695,Rahmi Utami,2023-07-14,Regular
USR-001696,Baktiono Wastuti,2025-02-18,Regular
USR-001697,Dt. Emil Wibowo,2023-07-15,Regular
USR-001698,Lasmanto Zulkarnain,2025-01-02,Regular
USR-001699,"Ir. Winda Wahyuni, M.Ak",2024-04-16,Regular
USR-001700,Kiandra Hariyah,2023-05-06,Regular
USR-001701,Ir. Cinthia Sirait,2025-02-13,Regular
USR-001702,"Purwa Dongoran, M.M.",2026-01-25,Regular
USR-001703,Rini Nababan,2025-07-01,Regular
USR-001704,Adinata Riyanti,2023-10-04,Regular
USR-001705,R.A. Queen Mahendra,2023-08-02,Regular
USR-001706,T. Garang Andriani,2026-01-04,VIP
USR-001707,"Raina Handayani, S.E.",2025-05-06,Regular
USR-001708,Raditya Gunawan,2024-05-01,VIP
USR-001709,Galang Padmasari,2023-07-22,Regular
USR-001710,Ir. Perkasa Tamba,2025-02-25,Regular
USR-001711,Drs. Vicky Maulana,2024-08-15,Regular
USR-001712,Ira Suartini,2023-12-04,Regular
USR-001713,Kartika Anggriawan,2024-10-03,Regular
USR-001714,Hj. Shania Maulana,2025-07-02,Regular
USR-001715,Jono Purwanti,2023-07-18,VIP
USR-001716,Jelita Napitupulu,2023-07-13,Regular
USR-001717,"Upik Pangestu, S.Pt",2024-02-25,Regular
USR-001718,Mulyanto Kusmawati,2024-10-01,VIP
USR-001719,"Nadia Rahimah, S.Psi",2026-04-03,Regular
USR-001720,dr. Raisa Salahudin,2025-10-04,VIP
USR-001721,Elisa Jailani,2025-01-29,Regular
USR-001722,"Dt. Jumari Prasetya, S.Ked",2025-03-25,VIP
USR-001723,Mustofa Pradana,2026-01-06,Regular
USR-001724,R.A. Halima Laksmiwati,2025-04-13,VIP
USR-001725,"H. Harimurti Putra, S.Sos",2024-09-15,Regular
USR-001726,"Cut Karen Anggriawan, S.Pt",2024-01-31,VIP
USR-001727,Kala Latupono,2024-10-26,Regular
USR-001728,Maida Nababan,2023-11-27,Regular
USR-001729,dr. Aurora Dabukke,2025-12-25,Regular
USR-001730,Edi Natsir,2024-02-23,Regular
USR-001731,Tantri Natsir,2024-03-25,VIP
USR-001732,"Drs. Hesti Nugroho, S.Kom",2024-09-28,Regular
USR-001733,Saiful Saptono,2023-05-23,VIP
USR-001734,Radika Wastuti,2023-09-24,Regular
USR-001735,Safina Kusumo,2023-11-19,Regular
USR-001736,Gaduh Hasanah,2024-09-26,Regular
USR-001737,Yessi Wahyudin,2024-04-27,Regular
USR-001738,Wage Novitasari,2026-02-09,VIP
USR-001739,Tania Haryanto,2025-12-13,Regular
USR-001740,Teguh Mustofa,2023-10-21,Regular
USR-001741,Kasiran Waluyo,2024-02-08,Regular
USR-001742,Jamalia Rahimah,2026-04-02,VIP
USR-001743,"Dipa Gunawan, M.Ak",2025-02-15,Regular
USR-001744,Sabar Nasyiah,2025-10-18,Regular
USR-001745,"R.M. Gamanto Prayoga, S.Gz",2024-07-19,Regular
USR-001746,"T. Teddy Mahendra, M.TI.",2025-12-22,VIP
USR-001747,Fathonah Hutapea,2025-10-13,Regular
USR-001748,"Ir. Luwes Haryanto, S.E.",2025-04-20,Regular
USR-001749,Umi Yuliarti,2025-06-18,Regular
USR-001750,Najwa Maryati,2025-06-18,Regular
USR-001751,Galur Wahyudin,2025-04-10,Regular
USR-001752,"Novi Lailasari, M.Kom.",2025-07-14,VIP
USR-001753,drg. Suci Padmasari,2024-06-09,Regular
USR-001754,Daniswara Prasetya,2026-01-23,Regular
USR-001755,Zelda Prakasa,2024-02-29,VIP
USR-001756,Gaduh Anggraini,2024-12-25,Regular
USR-001757,R. Zaenab Wahyudin,2024-11-25,VIP
USR-001758,R. Cahyanto Hutasoit,2024-05-19,Regular
USR-001759,Padma Thamrin,2024-07-21,Regular
USR-001760,Cut Nadia Mulyani,2024-04-11,Regular
USR-001761,Maria Hartati,2025-12-09,Regular
USR-001762,Laila Uwais,2025-04-15,Regular
USR-001763,Humaira Wibowo,2025-05-31,VIP
USR-001764,Ilyas Pradipta,2023-05-28,Regular
USR-001765,"Bahuraksa Tamba, S.Pt",2024-06-05,Regular
USR-001766,"Drs. Oliva Palastri, S.Pt",2024-07-20,Regular
USR-001767,Baktiadi Lazuardi,2024-06-22,Regular
USR-001768,Ani Palastri,2023-08-08,Regular
USR-001769,Faizah Wulandari,2024-02-25,Regular
USR-001770,Ilsa Zulaika,2024-09-12,Regular
USR-001771,Nrima Suartini,2024-06-19,Regular
USR-001772,"Drs. Hana Anggriawan, S.Pd",2023-11-20,VIP
USR-001773,"dr. Violet Waskita, S.Sos",2024-06-30,VIP
USR-001774,"Ir. Adinata Halimah, M.TI.",2025-10-06,Regular
USR-001775,"drg. Ghaliyati Pradana, S.Kom",2023-12-07,Regular
USR-001776,Kariman Rahmawati,2025-04-26,Regular
USR-001777,"drg. Najam Hariyah, S.Psi",2025-08-25,Regular
USR-001778,Zulfa Nainggolan,2023-08-31,Regular
USR-001779,"H. Hamzah Pranowo, M.M.",2025-02-14,Regular
USR-001780,"Drs. Ana Wahyudin, S.E.I",2025-03-19,VIP
USR-001781,"R. Ina Anggriawan, M.Kom.",2025-10-03,Regular
USR-001782,"dr. Jessica Prasetyo, S.Farm",2026-02-06,VIP
USR-001783,"Parman Waskita, M.Pd",2025-02-09,VIP
USR-001784,Rini Damanik,2024-07-28,Regular
USR-001785,"Dt. Virman Mandala, S.E.I",2025-09-17,Regular
USR-001786,Hj. Wirda Suartini,2024-09-14,VIP
USR-001787,drg. Kezia Putra,2025-11-19,Regular
USR-001788,Kasusra Winarno,2024-12-16,Regular
USR-001789,Cici Sitompul,2024-02-06,Regular
USR-001790,Suci Sihombing,2025-09-20,Regular
USR-001791,Bala Wulandari,2023-09-11,Regular
USR-001792,Anggabaya Suartini,2025-08-25,Regular
USR-001793,Cengkir Napitupulu,2025-05-18,Regular
USR-001794,Intan Putra,2023-08-05,Regular
USR-001795,Sakura Novitasari,2024-04-16,Regular
USR-001796,Amelia Uwais,2023-08-06,VIP
USR-001797,Cawisono Simbolon,2025-07-03,VIP
USR-001798,Endah Kusumo,2025-01-17,Regular
USR-001799,dr. Jati Hidayat,2023-11-06,Regular
USR-001800,"R.A. Diah Putra, S.Pd",2024-12-14,Regular
USR-001801,"Hj. Nabila Manullang, M.Ak",2025-02-19,Regular
USR-001802,Rini Pangestu,2025-09-29,Regular
USR-001803,"Silvia Haryanti, S.T.",2025-06-08,Regular
USR-001804,Cakrabirawa Hassanah,2024-02-27,Regular
USR-001805,"drg. Rahmi Prayoga, M.TI.",2023-07-28,Regular
USR-001806,Dr. Michelle Hariyah,2024-09-11,Regular
USR-001807,Okto Iswahyudi,2025-09-30,Regular
USR-001808,"Teguh Hasanah, S.I.Kom",2024-07-10,Regular
USR-001809,"Tgk. Kania Suryatmi, S.E.",2026-04-11,VIP
USR-001810,Cemani Safitri,2025-01-23,Regular
USR-001811,Kiandra Wahyuni,2025-02-19,Regular
USR-001812,"Qori Kuswoyo, S.Sos",2024-01-29,Regular
USR-001813,Digdaya Manullang,2026-04-09,Regular
USR-001814,"Kawaya Siregar, S.Pt",2024-06-18,Regular
USR-001815,"Tantri Pratama, M.Kom.",2026-04-08,Regular
USR-001816,"Dr. Banawi Uwais, S.Pt",2025-01-17,VIP
USR-001817,KH. Purwadi Simbolon,2023-09-30,Regular
USR-001818,Eli Ramadan,2025-01-16,VIP
USR-001819,Dt. Jail Dongoran,2024-03-07,Regular
USR-001820,"Marsito Wulandari, M.M.",2023-08-11,Regular
USR-001821,Uli Wacana,2024-12-02,Regular
USR-001822,Ani Anggriawan,2024-02-15,Regular
USR-001823,Nyana Mansur,2024-05-13,VIP
USR-001824,"Pangestu Hariyah, M.Kom.",2024-09-09,VIP
USR-001825,Bakda Pudjiastuti,2025-04-05,Regular
USR-001826,Nasab Farida,2026-02-03,Regular
USR-001827,Yuni Setiawan,2023-11-23,Regular
USR-001828,Salman Budiyanto,2023-12-26,VIP
USR-001829,Cecep Sihombing,2025-11-17,VIP
USR-001830,H. Hartaka Narpati,2023-10-29,VIP
USR-001831,"Prabowo Anggriawan, S.T.",2023-08-18,Regular
USR-001832,Kani Nugroho,2023-12-14,VIP
USR-001833,"Ami Wulandari, M.Pd",2024-03-21,Regular
USR-001834,Tami Hardiansyah,2024-03-20,VIP
USR-001835,"Dr. Maras Wijayanti, S.IP",2025-12-31,Regular
USR-001836,"Ina Handayani, S.Gz",2024-12-16,Regular
USR-001837,Asirwada Waluyo,2025-11-04,Regular
USR-001838,Hardi Permadi,2024-02-27,Regular
USR-001839,Agus Andriani,2024-02-24,Regular
USR-001840,Gandi Nababan,2023-06-02,Regular
USR-001841,"Atma Prasetya, S.IP",2026-03-11,Regular
USR-001842,Nyoman Marbun,2026-02-14,Regular
USR-001843,Oliva Kurniawan,2023-06-27,Regular
USR-001844,Putri Utami,2024-09-09,Regular
USR-001845,R.A. Puput Widodo,2024-02-08,VIP
USR-001846,Daru Prabowo,2025-02-12,VIP
USR-001847,Janet Natsir,2023-10-01,Regular
USR-001848,Safina Sihotang,2023-05-13,Regular
USR-001849,Gabriella Haryanti,2023-05-08,Regular
USR-001850,Maryadi Setiawan,2024-03-26,Regular
USR-001851,dr. Aurora Hidayat,2026-01-23,Regular
USR-001852,Ilsa Rahimah,2024-03-24,Regular
USR-001853,Narji Nasyiah,2025-06-04,Regular
USR-001854,Dwi Kuswoyo,2025-09-20,Regular
USR-001855,Siti Wibisono,2025-11-06,VIP
USR-001856,"H. Cahyanto Sitorus, S.E.",2026-03-08,VIP
USR-001857,"H. Galiono Widiastuti, M.Kom.",2025-12-31,Regular
USR-001858,Anita Sudiati,2023-08-02,Regular
USR-001859,Kezia Melani,2025-10-14,Regular
USR-001860,"Gina Mardhiyah, M.Farm",2026-01-09,Regular
USR-001861,Daruna Damanik,2026-04-18,Regular
USR-001862,"R. Galak Prakasa, S.Farm",2025-12-02,Regular
USR-001863,Puti Almira Mandala,2024-05-02,Regular
USR-001864,Ida Pangestu,2024-11-21,VIP
USR-001865,Farhunnisa Yuniar,2023-12-11,Regular
USR-001866,Virman Rahimah,2023-06-17,Regular
USR-001867,"Julia Mansur, S.T.",2025-03-09,Regular
USR-001868,"Panji Gunarto, M.TI.",2024-08-25,Regular
USR-001869,"Rahmat Suwarno, S.Ked",2025-01-23,Regular
USR-001870,"dr. Jasmin Prasasta, S.Kom",2024-04-09,Regular
USR-001871,Umaya Widiastuti,2025-08-04,Regular
USR-001872,"Ir. Mursinin Prasetya, M.Ak",2024-05-09,Regular
USR-001873,Tgk. Cemplunk Handayani,2024-12-02,Regular
USR-001874,Atmaja Lestari,2025-12-23,Regular
USR-001875,Aslijan Usada,2023-08-06,Regular
USR-001876,Budi Iswahyudi,2023-11-25,Regular
USR-001877,Drs. Yance Putra,2024-01-14,VIP
USR-001878,R. Irsad Hastuti,2024-04-21,VIP
USR-001879,Najam Napitupulu,2024-08-15,Regular
USR-001880,Elma Sudiati,2024-05-04,Regular
USR-001881,Irma Permata,2024-05-10,VIP
USR-001882,"Damar Saputra, M.Kom.",2025-03-16,Regular
USR-001883,Lala Waluyo,2023-08-22,Regular
USR-001884,Maida Anggraini,2024-01-05,Regular
USR-001885,drg. Vanya Mangunsong,2025-06-12,Regular
USR-001886,Prabowo Wibowo,2025-05-07,Regular
USR-001887,"Puti Vanya Salahudin, M.Ak",2025-02-11,Regular
USR-001888,Kadir Natsir,2025-08-01,Regular
USR-001889,Malika Samosir,2024-05-23,Regular
USR-001890,Keisha Purwanti,2025-03-24,VIP
USR-001891,Belinda Sitorus,2025-11-16,Regular
USR-001892,"Nadine Napitupulu, S.E.I",2023-11-18,Regular
USR-001893,Adinata Mardhiyah,2024-02-08,Regular
USR-001894,Latika Agustina,2024-11-21,Regular
USR-001895,"Kasiyah Winarno, M.Kom.",2024-12-23,Regular
USR-001896,"Lanjar Hidayanto, S.Farm",2024-08-10,VIP
USR-001897,Harsana Pratiwi,2023-06-19,VIP
USR-001898,Prabowo Fujiati,2023-12-28,Regular
USR-001899,"KH. Najam Tampubolon, M.TI.",2024-05-20,Regular
USR-001900,"Malik Uwais, S.Gz",2025-05-18,Regular
USR-001901,Lintang Prayoga,2026-01-25,Regular
USR-001902,Ami Tarihoran,2024-04-30,VIP
USR-001903,"Shania Dabukke, S.E.I",2025-12-25,VIP
USR-001904,Dr. Sabrina Maulana,2024-05-29,Regular
USR-001905,Luhung Prastuti,2024-05-19,VIP
USR-001906,"R. Amalia Latupono, S.Pt",2026-02-12,Regular
USR-001907,"Kiandra Widodo, M.Farm",2026-01-15,VIP
USR-001908,Sutan Taufik Anggraini,2023-08-22,Regular
USR-001909,"drg. Hafshah Sihombing, M.TI.",2024-01-02,Regular
USR-001910,"Timbul Wibowo, M.Farm",2025-07-26,Regular
USR-001911,"Laras Irawan, S.IP",2024-08-10,VIP
USR-001912,dr. Yulia Megantara,2026-01-02,Regular
USR-001913,"Fathonah Widodo, S.Pd",2024-06-10,Regular
USR-001914,Rahman Lestari,2023-04-29,Regular
USR-001915,Bagiya Agustina,2023-04-22,Regular
USR-001916,Safina Suwarno,2025-07-13,VIP
USR-001917,Cecep Wahyudin,2025-02-17,Regular
USR-001918,"Diana Napitupulu, M.Kom.",2024-02-03,VIP
USR-001919,R. Ihsan Purnawati,2024-01-27,Regular
USR-001920,Daliono Halim,2024-03-15,Regular
USR-001921,"KH. Dadi Rajata, S.Farm",2024-01-28,Regular
USR-001922,"Vino Oktaviani, S.IP",2025-03-04,Regular
USR-001923,Bahuwirya Sihombing,2026-01-02,Regular
USR-001924,Dewi Saefullah,2023-08-31,Regular
USR-001925,Ana Padmasari,2023-07-28,VIP
USR-001926,Nova Wulandari,2024-04-18,VIP
USR-001927,Aswani Santoso,2023-09-23,Regular
USR-001928,"Lamar Gunarto, S.IP",2023-05-01,VIP
USR-001929,KH. Adiarja Waluyo,2024-03-12,Regular
USR-001930,KH. Emas Laksita,2025-11-11,Regular
USR-001931,"Tgk. Lukita Aryani, S.Psi",2025-04-24,Regular
USR-001932,"Tirtayasa Siregar, S.Psi",2024-11-15,Regular
USR-001933,Salwa Wacana,2024-04-26,VIP
USR-001934,Cut Kani Sitompul,2024-11-27,Regular
USR-001935,Jaga Wacana,2023-09-22,Regular
USR-001936,Luhung Maheswara,2023-11-21,VIP
USR-001937,Tira Prayoga,2025-07-22,Regular
USR-001938,Raina Wahyuni,2024-11-12,VIP
USR-001939,dr. Mitra Nainggolan,2025-04-27,Regular
USR-001940,"Yusuf Sinaga, S.Ked",2023-04-24,Regular
USR-001941,Aurora Simbolon,2025-12-29,Regular
USR-001942,Gina Sudiati,2026-03-08,Regular
USR-001943,Ulya Suryatmi,2025-05-11,Regular
USR-001944,Maria Kusmawati,2023-08-24,VIP
USR-001945,"Puti Uchita Winarno, S.Pd",2026-02-05,Regular
USR-001946,Narji Megantara,2025-11-18,VIP
USR-001947,Drs. Ami Mahendra,2025-07-05,VIP
USR-001948,"R. Gada Wulandari, M.Pd",2025-06-01,Regular
USR-001949,Umar Hassanah,2025-04-14,Regular
USR-001950,Salimah Namaga,2023-10-16,Regular
USR-001951,Danuja Narpati,2024-04-28,VIP
USR-001952,"Clara Kurniawan, S.Farm",2026-02-07,Regular
USR-001953,Wisnu Simbolon,2023-06-04,Regular
USR-001954,"T. Darmaji Rajasa, M.Kom.",2024-12-05,Regular
USR-001955,Mulya Mansur,2026-02-24,Regular
USR-001956,"Olga Lestari, S.Pt",2025-07-28,Regular
USR-001957,Genta Permata,2026-03-29,Regular
USR-001958,Margana Siregar,2025-11-08,Regular
USR-001959,"Uli Wibowo, M.Pd",2024-11-25,Regular
USR-001960,"Sutan Darmana Rajata, S.IP",2025-02-26,VIP
USR-001961,Balidin Irawan,2024-07-15,Regular
USR-001962,"Rika Nainggolan, S.IP",2024-09-29,Regular
USR-001963,Dian Sihotang,2025-09-25,VIP
USR-001964,Cut Ira Halim,2024-11-30,Regular
USR-001965,Sutan Slamet Wibisono,2025-10-22,Regular
USR-001966,Vera Utama,2025-02-06,VIP
USR-001967,"R.M. Karma Wijayanti, M.Ak",2026-03-10,Regular
USR-001968,Balamantri Widodo,2025-10-23,VIP
USR-001969,drg. Galih Maulana,2023-05-04,VIP
USR-001970,"R.A. Najwa Zulaika, M.M.",2024-07-24,Regular
USR-001971,Tgk. Dalima Widiastuti,2023-12-05,VIP
USR-001972,Liman Simanjuntak,2026-04-16,Regular
USR-001973,H. Bancar Saefullah,2024-08-11,Regular
USR-001974,Siti Pratama,2025-09-27,Regular
USR-001975,Tiara Waluyo,2025-05-27,Regular
USR-001976,"Tgk. Candra Pranowo, S.H.",2023-07-20,Regular
USR-001977,"Anastasia Nugroho, M.Kom.",2026-04-12,Regular
USR-001978,Yulia Wahyuni,2024-12-18,Regular
USR-001979,Kuncara Wijaya,2023-12-23,VIP
USR-001980,Shania Kusmawati,2024-09-25,Regular
USR-001981,"dr. Hartaka Hidayanto, M.TI.",2024-10-12,Regular
USR-001982,Tami Nababan,2024-07-02,Regular
USR-001983,"Drs. Kania Kuswoyo, S.E.I",2026-04-13,Regular
USR-001984,"KH. Laksana Habibi, S.Pd",2024-09-03,Regular
USR-001985,"Carub Permata, S.E.I",2025-03-30,Regular
USR-001986,"Novi Siregar, S.E.I",2025-03-06,Regular
USR-001987,Rangga Napitupulu,2024-03-10,Regular
USR-001988,Gilang Permata,2026-01-25,Regular
USR-001989,"Panji Maulana, S.Sos",2023-09-25,Regular
USR-001990,"Saadat Narpati, S.Gz",2025-02-11,Regular
USR-001991,Nabila Nugroho,2023-09-16,Regular
USR-001992,Kamidin Yulianti,2023-07-10,Regular
USR-001993,drg. Eka Utami,2024-09-26,Regular
USR-001994,Anom Lazuardi,2025-01-06,VIP
USR-001995,Nurul Sihombing,2024-04-28,Regular
USR-001996,R. Safina Waluyo,2026-03-23,Regular
USR-001997,"Ir. Maryanto Irawan, M.M.",2026-03-29,VIP
USR-001998,Ika Usamah,2026-01-24,Regular
USR-001999,Kartika Anggriawan,2026-01-28,Regular
USR-002000,Bakda Maheswara,2023-10-23,VIP
